entry_id,date,account_code,account_name,debit,credit,description,invoice_uuid,cost_center,approver
1,2026-04-10,2100,Cuentas por pagar,87000.00,0.00,Pago factura INV-00106,INV-00106,CC-100 Operaciones,Bruno Garcia 02 00000067
2,2026-03-19,1020,Bancos,0.00,51060.88,Pago factura INV-00050,INV-00050,CC-100 Operaciones,Bruno Garcia 02 00000067
3,2026-04-09,2100,Cuentas por pagar,61268.88,0.00,Pago factura INV-00371,INV-00371,CC-100 Operaciones,Bruno Garcia 02 00000067
4,2026-03-28,2100,Cuentas por pagar,0.00,95573.56,Registro factura INV-00206,INV-00206,CC-100 Operaciones,Fabian Rios 06 00000067
5,2026-02-02,1020,Bancos,0.00,28371.28,Pago factura INV-00253,INV-00253,CC-100 Operaciones,Bruno Garcia 02 00000067
6,2026-02-27,2100,Cuentas por pagar,0.00,32195.80,Registro factura INV-00314,INV-00314,CC-100 Operaciones,Ana Ruiz 07 00000067
7,2026-04-23,2100,Cuentas por pagar,91370.88,0.00,Pago factura INV-00306,INV-00306,CC-100 Operaciones,Bruno Garcia 02 00000067
8,2026-02-02,5000,Gastos operativos,72405.00,0.00,Registro factura INV-00353,INV-00353,CC-100 Operaciones,Fabian Rios 06 00000067
9,2026-05-31,1180,IVA acreditable,3911.36,0.00,Registro factura INV-00165,INV-00165,CC-100 Operaciones,Bruno Garcia 08 00000067
10,2026-05-04,2100,Cuentas por pagar,0.00,71534.88,Registro factura INV-00341,INV-00341,CC-100 Operaciones,Elena Mora 05 00000067
11,2026-01-11,2100,Cuentas por pagar,0.00,23720.84,Registro factura INV-00195,INV-00195,CC-100 Operaciones,Fabian Rios 06 00000067
12,2026-04-05,2100,Cuentas por pagar,107088.88,0.00,Pago factura INV-00264,INV-00264,CC-100 Operaciones,Bruno Garcia 02 00000067
13,2026-06-21,5000,Gastos operativos,65161.00,0.00,Registro factura INV-00295,INV-00295,CC-100 Operaciones,Elena Mora 05 00000067
14,2026-06-01,5000,Gastos operativos,16585.00,0.00,Registro factura INV-00339,INV-00339,CC-100 Operaciones,Carla Soto 03 00000067
15,2026-01-09,2100,Cuentas por pagar,0.00,31441.80,Registro factura INV-00014,INV-00014,CC-100 Operaciones,Bruno Garcia 02 00000067
16,2026-04-28,1020,Bancos,0.00,22658.28,Pago factura INV-00226,INV-00226,CC-100 Operaciones,Bruno Garcia 02 00000067
17,2026-06-30,1020,Bancos,0.00,107463.56,Pago factura INV-00274,INV-00274,CC-100 Operaciones,Bruno Garcia 02 00000067
18,2026-02-21,1180,IVA acreditable,6655.04,0.00,Registro factura INV-00286,INV-00286,CC-100 Operaciones,Ana Ruiz 01 00000067
19,2026-01-21,5000,Gastos operativos,0.00,22500.00,Reversion de factura cancelada INV-00187,INV-00187,CC-100 Operaciones,Bruno Garcia 02 00000067
20,2026-05-24,1020,Bancos,0.00,38335.68,Pago factura INV-00116,INV-00116,CC-100 Operaciones,Bruno Garcia 02 00000067
21,2026-01-22,2100,Cuentas por pagar,0.00,23443.60,Registro factura INV-00160,INV-00160,CC-100 Operaciones,Ana Ruiz 07 00000067
22,2026-02-19,2100,Cuentas por pagar,67208.08,0.00,Pago factura INV-00375,INV-00375,CC-100 Operaciones,Bruno Garcia 02 00000067
23,2026-01-14,2100,Cuentas por pagar,0.00,21959.96,Registro factura INV-00145,INV-00145,CC-100 Operaciones,Elena Mora 05 00000067
24,2026-04-08,5000,Gastos operativos,46213.00,0.00,Registro factura INV-00260,INV-00260,CC-100 Operaciones,Ana Ruiz 07 00000067
25,2026-06-11,1020,Bancos,0.00,65274.36,Pago factura INV-00236,INV-00236,CC-100 Operaciones,Bruno Garcia 02 00000067
26,2026-04-01,2100,Cuentas por pagar,36947.16,0.00,Pago factura INV-00118,INV-00118,CC-100 Operaciones,Bruno Garcia 02 00000067
27,2026-02-27,5000,Gastos operativos,70069.00,0.00,Registro factura INV-00369,INV-00369,CC-100 Operaciones,Carla Soto 09 00000067
28,2026-04-18,1180,IVA acreditable,3125.28,0.00,Registro factura INV-00226,INV-00226,CC-100 Operaciones,Ana Ruiz 01 00000067
29,2026-02-25,2100,Cuentas por pagar,88603.12,0.00,Pago factura INV-00024,INV-00024,CC-100 Operaciones,Bruno Garcia 02 00000067
30,2026-04-05,5000,Gastos operativos,20450.00,0.00,Registro factura INV-00304,INV-00304,CC-100 Operaciones,Elena Mora 05 00000067
31,2026-03-05,5000,Gastos operativos,44307.00,0.00,Registro factura INV-00092,INV-00092,CC-100 Operaciones,Ana Ruiz 07 00000067
32,2026-05-30,1020,Bancos,0.00,45292.20,Pago factura INV-00040,INV-00040,CC-100 Operaciones,Bruno Garcia 02 00000067
33,2026-06-02,1180,IVA acreditable,5911.84,0.00,Registro factura INV-00263,INV-00263,CC-100 Operaciones,Diego Luna 10 00000067
34,2026-02-27,1180,IVA acreditable,7002.40,0.00,Registro factura INV-00109,INV-00109,CC-100 Operaciones,Fabian Rios 06 00000067
35,2026-05-18,2100,Cuentas por pagar,68645.32,0.00,Pago factura INV-00367,INV-00367,CC-100 Operaciones,Bruno Garcia 02 00000067
36,2026-04-26,5000,Gastos operativos,90070.00,0.00,Registro factura INV-00214,INV-00214,CC-100 Operaciones,Ana Ruiz 01 00000067
37,2026-04-24,1020,Bancos,0.00,26496.72,Pago factura INV-00335,INV-00335,CC-100 Operaciones,Bruno Garcia 02 00000067
38,2026-05-16,2100,Cuentas por pagar,0.00,66575.88,Registro factura INV-00136,INV-00136,CC-100 Operaciones,Ana Ruiz 01 00000067
39,2026-06-25,1180,IVA acreditable,7586.72,0.00,Registro factura INV-00250,INV-00250,CC-100 Operaciones,Carla Soto 09 00000067
40,2026-02-13,5000,Gastos operativos,28128.00,0.00,Registro factura INV-00290,INV-00290,CC-100 Operaciones,Ana Ruiz 07 00000067
41,2026-06-06,1180,IVA acreditable,2617.28,0.00,Registro factura INV-00254,INV-00254,CC-100 Operaciones,Bruno Garcia 08 00000067
42,2026-06-25,2100,Cuentas por pagar,97477.12,0.00,Pago factura INV-00343,INV-00343,CC-100 Operaciones,Bruno Garcia 02 00000067
43,2026-03-25,1180,IVA acreditable,14215.52,0.00,Registro factura INV-00255,INV-00255,CC-100 Operaciones,Elena Mora 05 00000067
44,2026-04-27,2100,Cuentas por pagar,30556.72,0.00,Pago factura INV-00376,INV-00376,CC-100 Operaciones,Bruno Garcia 02 00000067
45,2026-01-30,5000,Gastos operativos,73389.00,0.00,Registro factura INV-00326,INV-00326,CC-100 Operaciones,Carla Soto 09 00000067
46,2026-04-23,1180,IVA acreditable,9569.76,0.00,Registro factura INV-00249,INV-00249,CC-100 Operaciones,Diego Luna 04 00000067
47,2026-06-07,2100,Cuentas por pagar,66890.24,0.00,Pago factura INV-00125,INV-00125,CC-100 Operaciones,Bruno Garcia 02 00000067
48,2026-01-21,5000,Gastos operativos,12172.00,0.00,Registro factura INV-00042,INV-00042,CC-100 Operaciones,Bruno Garcia 08 00000067
49,2026-06-23,5000,Gastos operativos,74399.00,0.00,Registro factura INV-00283,INV-00283,CC-100 Operaciones,Ana Ruiz 07 00000067
50,2026-04-17,5000,Gastos operativos,86627.00,0.00,Registro factura INV-00004,INV-00004,CC-100 Operaciones,Fabian Rios 06 00000067
51,2026-04-22,5000,Gastos operativos,64116.00,0.00,Registro factura INV-00078,INV-00078,CC-100 Operaciones,Elena Mora 05 00000067
52,2026-03-24,5000,Gastos operativos,65463.00,0.00,Registro factura INV-00172,INV-00172,CC-100 Operaciones,Diego Luna 10 00000067
53,2026-06-12,1020,Bancos,0.00,42860.84,Pago factura INV-00263,INV-00263,CC-100 Operaciones,Bruno Garcia 02 00000067
54,2026-04-30,1180,IVA acreditable,13976.00,0.00,Registro factura INV-00248,INV-00248,CC-100 Operaciones,Ana Ruiz 07 00000067
55,2026-01-23,5000,Gastos operativos,49885.00,0.00,Registro factura INV-00100,INV-00100,CC-100 Operaciones,Bruno Garcia 02 00000067
56,2026-02-08,5000,Gastos operativos,62966.00,0.00,Registro factura INV-00064,INV-00064,CC-100 Operaciones,Diego Luna 04 00000067
57,2026-05-23,2100,Cuentas por pagar,19998.40,0.00,Pago factura INV-00085,INV-00085,CC-100 Operaciones,Bruno Garcia 02 00000067
58,2026-02-28,1020,Bancos,0.00,21363.72,Pago factura INV-00075,INV-00075,CC-100 Operaciones,Bruno Garcia 02 00000067
59,2026-02-25,2100,Cuentas por pagar,67070.04,0.00,Pago factura INV-00041,INV-00041,CC-100 Operaciones,Bruno Garcia 02 00000067
60,2026-05-15,2100,Cuentas por pagar,0.00,15090.44,Registro factura INV-00197,INV-00197,CC-100 Operaciones,Diego Luna 04 00000067
61,2026-04-30,2100,Cuentas por pagar,84642.88,0.00,Pago factura INV-00147,INV-00147,CC-100 Operaciones,Bruno Garcia 02 00000067
62,2026-05-03,2100,Cuentas por pagar,0.00,93984.36,Registro factura INV-00356,INV-00356,CC-100 Operaciones,Fabian Rios 06 00000067
63,2026-06-30,1020,Bancos,0.00,55570.96,Pago factura INV-00128,INV-00128,CC-100 Operaciones,Bruno Garcia 02 00000067
64,2026-02-09,1180,IVA acreditable,3944.64,0.00,Registro factura INV-00081,INV-00081,CC-100 Operaciones,Ana Ruiz 01 00000067
65,2026-05-10,1180,IVA acreditable,3269.60,0.00,Registro factura INV-00277,INV-00277,CC-100 Operaciones,Carla Soto 03 00000067
66,2026-05-05,5000,Gastos operativos,21804.00,0.00,Registro factura INV-00242,INV-00242,CC-100 Operaciones,Bruno Garcia 02 00000067
67,2026-06-26,1180,IVA acreditable,10975.68,0.00,Registro factura INV-00310,INV-00310,CC-100 Operaciones,Bruno Garcia 08 00000067
68,2026-03-08,1020,Bancos,0.00,60781.68,Pago factura INV-00049,INV-00049,CC-100 Operaciones,Bruno Garcia 02 00000067
69,2026-02-21,5000,Gastos operativos,41594.00,0.00,Registro factura INV-00286,INV-00286,CC-100 Operaciones,Ana Ruiz 01 00000067
70,2026-03-03,5000,Gastos operativos,51834.00,0.00,Registro factura INV-00211,INV-00211,CC-100 Operaciones,Carla Soto 03 00000067
71,2026-06-10,2100,Cuentas por pagar,0.00,55061.72,Registro factura INV-00047,INV-00047,CC-100 Operaciones,Bruno Garcia 02 00000067
72,2026-03-30,5000,Gastos operativos,27957.00,0.00,Registro factura INV-00347,INV-00347,CC-100 Operaciones,Bruno Garcia 08 00000067
73,2026-04-14,1180,IVA acreditable,13660.00,0.00,Registro factura INV-00238,INV-00238,CC-100 Operaciones,Elena Mora 05 00000067
74,2026-06-15,2100,Cuentas por pagar,0.00,97477.12,Registro factura INV-00343,INV-00343,CC-100 Operaciones,Elena Mora 05 00000067
75,2026-06-30,2100,Cuentas por pagar,86302.84,0.00,Pago factura INV-00283,INV-00283,CC-100 Operaciones,Bruno Garcia 02 00000067
76,2026-06-07,5000,Gastos operativos,26641.00,0.00,Registro factura INV-00096,INV-00096,CC-100 Operaciones,Carla Soto 03 00000067
77,2026-06-20,1020,Bancos,0.00,55061.72,Pago factura INV-00047,INV-00047,CC-100 Operaciones,Bruno Garcia 02 00000067
78,2026-01-21,2100,Cuentas por pagar,23720.84,0.00,Pago factura INV-00195,INV-00195,CC-100 Operaciones,Bruno Garcia 02 00000067
79,2026-01-26,2100,Cuentas por pagar,43568.44,0.00,Pago factura INV-00217,INV-00217,CC-100 Operaciones,Bruno Garcia 02 00000067
80,2026-01-20,2100,Cuentas por pagar,96080.48,0.00,Pago factura INV-00099,INV-00099,CC-100 Operaciones,Bruno Garcia 02 00000067
81,2026-01-20,1180,IVA acreditable,14174.72,0.00,Registro factura INV-00196,INV-00196,CC-100 Operaciones,Carla Soto 03 00000067
82,2026-05-05,1180,IVA acreditable,3488.64,0.00,Registro factura INV-00242,INV-00242,CC-100 Operaciones,Bruno Garcia 02 00000067
83,2026-01-31,1020,Bancos,0.00,49015.80,Pago factura INV-00227,INV-00227,CC-100 Operaciones,Bruno Garcia 02 00000067
84,2026-04-05,1180,IVA acreditable,8599.36,0.00,Registro factura INV-00294,INV-00294,CC-100 Operaciones,Bruno Garcia 08 00000067
85,2026-05-22,2100,Cuentas por pagar,81857.72,0.00,Pago factura INV-00101,INV-00101,CC-100 Operaciones,Bruno Garcia 02 00000067
86,2026-03-24,2100,Cuentas por pagar,0.00,80084.08,Registro factura INV-00158,INV-00158,CC-100 Operaciones,Bruno Garcia 08 00000067
87,2026-03-12,2100,Cuentas por pagar,15175.58,0.00,Pago factura INV-00368,INV-00368,CC-100 Operaciones,Bruno Garcia 02 00000067
88,2026-05-10,1180,IVA acreditable,5627.04,0.00,Registro factura INV-00006,INV-00006,CC-100 Operaciones,Ana Ruiz 01 00000067
89,2026-04-18,5000,Gastos operativos,38706.00,0.00,Registro factura INV-00186,INV-00186,CC-100 Operaciones,Carla Soto 09 00000067
90,2026-01-13,2100,Cuentas por pagar,0.00,41460.72,Registro factura INV-00192,INV-00192,CC-100 Operaciones,Fabian Rios 06 00000067
91,2026-04-13,2100,Cuentas por pagar,0.00,91370.88,Registro factura INV-00306,INV-00306,CC-100 Operaciones,Diego Luna 10 00000067
92,2026-04-22,1180,IVA acreditable,8990.24,0.00,Registro factura INV-00373,INV-00373,CC-100 Operaciones,Ana Ruiz 07 00000067
93,2026-06-26,2100,Cuentas por pagar,0.00,79573.68,Registro factura INV-00310,INV-00310,CC-100 Operaciones,Bruno Garcia 08 00000067
94,2026-05-13,5000,Gastos operativos,26153.00,0.00,Registro factura INV-00029,INV-00029,CC-100 Operaciones,Diego Luna 04 00000067
95,2026-03-15,1020,Bancos,0.00,51396.12,Pago factura INV-00092,INV-00092,CC-100 Operaciones,Bruno Garcia 02 00000067
96,2026-03-05,1180,IVA acreditable,7089.12,0.00,Registro factura INV-00092,INV-00092,CC-100 Operaciones,Ana Ruiz 07 00000067
97,2026-04-08,2100,Cuentas por pagar,0.00,53607.08,Registro factura INV-00260,INV-00260,CC-100 Operaciones,Ana Ruiz 07 00000067
98,2026-02-14,5000,Gastos operativos,72114.00,0.00,Registro factura INV-00025,INV-00025,CC-100 Operaciones,Diego Luna 10 00000067
99,2026-05-18,1180,IVA acreditable,9251.20,0.00,Registro factura INV-00066,INV-00066,CC-100 Operaciones,Carla Soto 03 00000067
100,2026-02-03,1180,IVA acreditable,7914.08,0.00,Registro factura INV-00235,INV-00235,CC-100 Operaciones,Elena Mora 05 00000067
101,2026-04-15,1180,IVA acreditable,1979.84,0.00,Registro factura INV-00007,INV-00007,CC-100 Operaciones,Diego Luna 10 00000067
102,2026-06-15,2100,Cuentas por pagar,41212.48,0.00,Pago factura INV-00221,INV-00221,CC-100 Operaciones,Bruno Garcia 02 00000067
103,2026-02-08,1020,Bancos,0.00,61670.24,Pago factura INV-00194,INV-00194,CC-100 Operaciones,Bruno Garcia 02 00000067
104,2026-01-14,5000,Gastos operativos,14838.00,0.00,Registro factura INV-00280,INV-00280,CC-100 Operaciones,Carla Soto 03 00000067
105,2026-02-14,5000,Gastos operativos,91351.00,0.00,Registro factura INV-00271,INV-00271,CC-100 Operaciones,Diego Luna 04 00000067
106,2026-02-26,2100,Cuentas por pagar,97136.08,0.00,Pago factura INV-00123,INV-00123,CC-100 Operaciones,Bruno Garcia 02 00000067
107,2026-03-22,1180,IVA acreditable,4089.76,0.00,Registro factura INV-00076,INV-00076,CC-100 Operaciones,Bruno Garcia 08 00000067
108,2026-05-11,2100,Cuentas por pagar,22135.12,0.00,Pago factura INV-00026,INV-00026,CC-100 Operaciones,Bruno Garcia 02 00000067
109,2026-05-23,1020,Bancos,0.00,60739.92,Pago factura INV-00332,INV-00332,CC-100 Operaciones,Bruno Garcia 02 00000067
110,2026-03-12,1020,Bancos,0.00,68354.16,Pago factura INV-00345,INV-00345,CC-100 Operaciones,Bruno Garcia 02 00000067
111,2026-04-24,1180,IVA acreditable,7380.80,0.00,Registro factura INV-00161,INV-00161,CC-100 Operaciones,Ana Ruiz 01 00000067
112,2026-06-17,2100,Cuentas por pagar,58887.40,0.00,Pago factura INV-00199,INV-00199,CC-100 Operaciones,Bruno Garcia 02 00000067
113,2026-03-29,1020,Bancos,0.00,13926.96,Pago factura INV-00190,INV-00190,CC-100 Operaciones,Bruno Garcia 02 00000067
114,2026-06-20,2100,Cuentas por pagar,0.00,34700.24,Registro factura INV-00120,INV-00120,CC-100 Operaciones,Fabian Rios 06 00000067
115,2026-04-13,2100,Cuentas por pagar,14181.00,0.00,Pago factura INV-00357,INV-00357,CC-100 Operaciones,Bruno Garcia 02 00000067
116,2026-06-23,2100,Cuentas por pagar,0.00,86302.84,Registro factura INV-00283,INV-00283,CC-100 Operaciones,Ana Ruiz 07 00000067
117,2026-03-04,2100,Cuentas por pagar,0.00,23007.44,Registro factura INV-00107,INV-00107,CC-100 Operaciones,Diego Luna 10 00000067
118,2026-05-03,1180,IVA acreditable,12963.36,0.00,Registro factura INV-00356,INV-00356,CC-100 Operaciones,Fabian Rios 06 00000067
119,2026-06-17,1020,Bancos,0.00,30903.56,Pago factura INV-00096,INV-00096,CC-100 Operaciones,Bruno Garcia 02 00000067
120,2026-03-01,5000,Gastos operativos,35274.00,0.00,Registro factura INV-00169,INV-00169,CC-100 Operaciones,Ana Ruiz 01 00000067
121,2026-01-24,2100,Cuentas por pagar,17212.08,0.00,Pago factura INV-00280,INV-00280,CC-100 Operaciones,Bruno Garcia 02 00000067
122,2026-02-05,1180,IVA acreditable,3488.64,0.00,Registro factura INV-00142,INV-00142,CC-100 Operaciones,Carla Soto 09 00000067
123,2026-02-15,1020,Bancos,0.00,49996.00,Pago factura INV-00361,INV-00361,CC-100 Operaciones,Bruno Garcia 02 00000067
124,2026-02-17,1020,Bancos,0.00,75255.00,Pago factura INV-00179,INV-00179,CC-100 Operaciones,Bruno Garcia 02 00000067
125,2026-02-08,5000,Gastos operativos,12407.00,0.00,Registro factura INV-00178,INV-00178,CC-100 Operaciones,Fabian Rios 06 00000067
126,2026-01-26,1180,IVA acreditable,1959.04,0.00,Registro factura INV-00156,INV-00156,CC-100 Operaciones,Carla Soto 03 00000067
127,2026-06-27,1020,Bancos,0.00,83103.56,Pago factura INV-00297,INV-00297,CC-100 Operaciones,Bruno Garcia 02 00000067
128,2026-04-07,2100,Cuentas por pagar,74133.28,0.00,Pago factura INV-00062,INV-00062,CC-100 Operaciones,Bruno Garcia 02 00000067
129,2026-02-21,1020,Bancos,0.00,54492.16,Pago factura INV-00093,INV-00093,CC-100 Operaciones,Bruno Garcia 02 00000067
130,2026-04-13,2100,Cuentas por pagar,42986.12,0.00,Pago factura INV-00153,INV-00153,CC-100 Operaciones,Bruno Garcia 02 00000067
131,2026-06-09,2100,Cuentas por pagar,29096.28,0.00,Pago factura INV-00364,INV-00364,CC-100 Operaciones,Bruno Garcia 02 00000067
132,2026-03-12,2100,Cuentas por pagar,0.00,62178.32,Registro factura INV-00219,INV-00219,CC-100 Operaciones,Bruno Garcia 02 00000067
133,2026-05-10,5000,Gastos operativos,20435.00,0.00,Registro factura INV-00277,INV-00277,CC-100 Operaciones,Carla Soto 03 00000067
134,2026-05-20,5000,Gastos operativos,25110.00,0.00,Registro factura INV-00055,INV-00055,CC-100 Operaciones,Ana Ruiz 07 00000067
135,2026-05-16,1020,Bancos,0.00,93531.96,Pago factura INV-00244,INV-00244,CC-100 Operaciones,Bruno Garcia 02 00000067
136,2026-02-01,1020,Bancos,0.00,23443.60,Pago factura INV-00160,INV-00160,CC-100 Operaciones,Bruno Garcia 02 00000067
137,2026-06-22,5000,Gastos operativos,18609.00,0.00,Registro factura INV-00162,INV-00162,CC-100 Operaciones,Bruno Garcia 02 00000067
138,2026-05-25,1020,Bancos,0.00,58360.76,Pago factura INV-00183,INV-00183,CC-100 Operaciones,Bruno Garcia 02 00000067
139,2026-03-10,2100,Cuentas por pagar,0.00,72190.28,Registro factura INV-00174,INV-00174,CC-100 Operaciones,Bruno Garcia 08 00000067
140,2026-04-08,2100,Cuentas por pagar,57357.36,0.00,Pago factura INV-00130,INV-00130,CC-100 Operaciones,Bruno Garcia 02 00000067
141,2026-04-06,5000,Gastos operativos,42500.00,0.00,Registro factura INV-00021,INV-00021,CC-100 Operaciones,Bruno Garcia 08 00000067
142,2026-01-26,1180,IVA acreditable,14976.00,0.00,Registro factura INV-00033,INV-00033,CC-100 Operaciones,Ana Ruiz 01 00000067
143,2026-05-08,5000,Gastos operativos,59177.00,0.00,Registro factura INV-00367,INV-00367,CC-100 Operaciones,Carla Soto 09 00000067
144,2026-05-02,2100,Cuentas por pagar,0.00,74052.08,Registro factura INV-00237,INV-00237,CC-100 Operaciones,Carla Soto 03 00000067
145,2026-03-15,1180,IVA acreditable,8407.68,0.00,Registro factura INV-00257,INV-00257,CC-100 Operaciones,Carla Soto 03 00000067
146,2026-03-01,1180,IVA acreditable,5643.84,0.00,Registro factura INV-00169,INV-00169,CC-100 Operaciones,Ana Ruiz 01 00000067
147,2026-06-28,2100,Cuentas por pagar,0.00,96205.76,Registro factura INV-00208,INV-00208,CC-100 Operaciones,Diego Luna 10 00000067
148,2026-04-08,2100,Cuentas por pagar,0.00,49300.00,Registro factura INV-00023,INV-00023,CC-100 Operaciones,Bruno Garcia 08 00000067
149,2026-05-21,2100,Cuentas por pagar,66197.72,0.00,Pago factura INV-00072,INV-00072,CC-100 Operaciones,Bruno Garcia 02 00000067
150,2026-02-02,2100,Cuentas por pagar,0.00,96897.12,Registro factura INV-00300,INV-00300,CC-100 Operaciones,Bruno Garcia 08 00000067
151,2026-02-24,2100,Cuentas por pagar,35955.36,0.00,Pago factura INV-00056,INV-00056,CC-100 Operaciones,Bruno Garcia 02 00000067
152,2026-03-22,2080,IVA trasladado,8800.00,0.00,Reversion de venta cancelada INV-00037,INV-00037,CC-100 Operaciones,Bruno Garcia 02 00000067
153,2026-02-14,2100,Cuentas por pagar,0.00,105967.16,Registro factura INV-00271,INV-00271,CC-100 Operaciones,Diego Luna 04 00000067
154,2026-04-23,1020,Bancos,0.00,15437.28,Pago factura INV-00212,INV-00212,CC-100 Operaciones,Bruno Garcia 02 00000067
155,2026-03-19,1180,IVA acreditable,1920.96,0.00,Registro factura INV-00190,INV-00190,CC-100 Operaciones,Carla Soto 09 00000067
156,2026-02-19,1180,IVA acreditable,5210.56,0.00,Registro factura INV-00133,INV-00133,CC-100 Operaciones,Ana Ruiz 07 00000067
157,2026-03-02,2100,Cuentas por pagar,87158.92,0.00,Pago factura INV-00073,INV-00073,CC-100 Operaciones,Bruno Garcia 02 00000067
158,2026-03-30,2100,Cuentas por pagar,0.00,32430.12,Registro factura INV-00347,INV-00347,CC-100 Operaciones,Bruno Garcia 08 00000067
159,2026-06-24,2100,Cuentas por pagar,16491.72,0.00,Pago factura INV-00094,INV-00094,CC-100 Operaciones,Bruno Garcia 02 00000067
160,2026-05-06,1020,Bancos,0.00,95626.92,Pago factura INV-00134,INV-00134,CC-100 Operaciones,Bruno Garcia 02 00000067
161,2026-03-14,5000,Gastos operativos,52241.00,0.00,Registro factura INV-00090,INV-00090,CC-100 Operaciones,Diego Luna 04 00000067
162,2026-05-01,2100,Cuentas por pagar,0.00,21828.88,Registro factura INV-00071,INV-00071,CC-100 Operaciones,Fabian Rios 06 00000067
163,2026-01-23,1020,Bancos,0.00,19998.40,Pago factura INV-00330,INV-00330,CC-100 Operaciones,Bruno Garcia 02 00000067
164,2026-02-10,1020,Bancos,0.00,77062.28,Pago factura INV-00207,INV-00207,CC-100 Operaciones,Bruno Garcia 02 00000067
165,2026-03-15,2100,Cuentas por pagar,0.00,60955.68,Registro factura INV-00257,INV-00257,CC-100 Operaciones,Carla Soto 03 00000067
166,2026-03-27,2100,Cuentas por pagar,0.00,74564.80,Registro factura INV-00027,INV-00027,CC-100 Operaciones,Carla Soto 09 00000067
167,2026-04-24,2100,Cuentas por pagar,26496.72,0.00,Pago factura INV-00335,INV-00335,CC-100 Operaciones,Bruno Garcia 02 00000067
168,2026-04-16,2100,Cuentas por pagar,49300.00,0.00,Pago factura INV-00021,INV-00021,CC-100 Operaciones,Bruno Garcia 02 00000067
169,2026-02-14,2100,Cuentas por pagar,0.00,35955.36,Registro factura INV-00056,INV-00056,CC-100 Operaciones,Fabian Rios 06 00000067
170,2026-02-20,1180,IVA acreditable,10139.04,0.00,Registro factura INV-00331,INV-00331,CC-100 Operaciones,Diego Luna 04 00000067
171,2026-03-31,1180,IVA acreditable,14321.28,0.00,Registro factura INV-00089,INV-00089,CC-100 Operaciones,Carla Soto 03 00000067
172,2026-04-05,2100,Cuentas por pagar,0.00,49996.00,Registro factura INV-00224,INV-00224,CC-100 Operaciones,Ana Ruiz 07 00000067
173,2026-06-30,2100,Cuentas por pagar,108848.60,0.00,Pago factura INV-00067,INV-00067,CC-100 Operaciones,Bruno Garcia 02 00000067
174,2026-04-29,2100,Cuentas por pagar,36694.28,0.00,Pago factura INV-00311,INV-00311,CC-100 Operaciones,Bruno Garcia 02 00000067
175,2026-05-01,2100,Cuentas por pagar,81201.16,0.00,Pago factura INV-00261,INV-00261,CC-100 Operaciones,Bruno Garcia 02 00000067
176,2026-06-11,2100,Cuentas por pagar,65274.36,0.00,Pago factura INV-00236,INV-00236,CC-100 Operaciones,Bruno Garcia 02 00000067
177,2026-05-26,2100,Cuentas por pagar,66575.88,0.00,Pago factura INV-00136,INV-00136,CC-100 Operaciones,Bruno Garcia 02 00000067
178,2026-01-21,1180,IVA acreditable,0.00,3600.00,Reversion de factura cancelada INV-00187,INV-00187,CC-100 Operaciones,Bruno Garcia 02 00000067
179,2026-06-20,1020,Bancos,0.00,97069.96,Pago factura INV-00243,INV-00243,CC-100 Operaciones,Bruno Garcia 02 00000067
180,2026-03-25,2100,Cuentas por pagar,0.00,66232.52,Registro factura INV-00060,INV-00060,CC-100 Operaciones,Ana Ruiz 07 00000067
181,2026-02-26,2100,Cuentas por pagar,0.00,69286.80,Registro factura INV-00247,INV-00247,CC-100 Operaciones,Bruno Garcia 02 00000067
182,2026-02-06,1020,Bancos,0.00,50047.04,Pago factura INV-00337,INV-00337,CC-100 Operaciones,Bruno Garcia 02 00000067
183,2026-04-01,1180,IVA acreditable,3806.56,0.00,Registro factura INV-00333,INV-00333,CC-100 Operaciones,Bruno Garcia 02 00000067
184,2026-06-28,5000,Gastos operativos,75712.00,0.00,Registro factura INV-00359,INV-00359,CC-100 Operaciones,Bruno Garcia 08 00000067
185,2026-06-14,2100,Cuentas por pagar,0.00,69480.52,Registro factura INV-00059,INV-00059,CC-100 Operaciones,Diego Luna 10 00000067
186,2026-01-30,1050,Cuentas por cobrar,44080.00,0.00,Registro venta INV-00112,INV-00112,CC-100 Operaciones,Bruno Garcia 02 00000067
187,2026-06-10,1020,Bancos,0.00,28357.36,Pago factura INV-00165,INV-00165,CC-100 Operaciones,Bruno Garcia 02 00000067
188,2026-06-01,2100,Cuentas por pagar,0.00,65274.36,Registro factura INV-00236,INV-00236,CC-100 Operaciones,Elena Mora 05 00000067
189,2026-06-04,2100,Cuentas por pagar,0.00,34764.04,Registro factura INV-00005,INV-00005,CC-100 Operaciones,Fabian Rios 06 00000067
190,2026-02-26,1180,IVA acreditable,8383.68,0.00,Registro factura INV-00049,INV-00049,CC-100 Operaciones,Diego Luna 10 00000067
191,2026-02-12,1180,IVA acreditable,14145.60,0.00,Registro factura INV-00328,INV-00328,CC-100 Operaciones,Bruno Garcia 02 00000067
192,2026-06-15,1180,IVA acreditable,13445.12,0.00,Registro factura INV-00343,INV-00343,CC-100 Operaciones,Elena Mora 05 00000067
193,2026-06-16,2100,Cuentas por pagar,18975.28,0.00,Pago factura INV-00254,INV-00254,CC-100 Operaciones,Bruno Garcia 02 00000067
194,2026-04-10,2100,Cuentas por pagar,0.00,37845.00,Registro factura INV-00157,INV-00157,CC-100 Operaciones,Ana Ruiz 01 00000067
195,2026-01-09,1180,IVA acreditable,10484.32,0.00,Registro factura INV-00035,INV-00035,CC-100 Operaciones,Diego Luna 10 00000067
196,2026-03-21,4000,Ingresos por servicios,0.00,55000.00,Registro venta INV-00037,INV-00037,CC-100 Operaciones,Bruno Garcia 02 00000067
197,2026-05-01,5000,Gastos operativos,19082.00,0.00,Registro factura INV-00026,INV-00026,CC-100 Operaciones,Diego Luna 04 00000067
198,2026-05-15,1020,Bancos,0.00,55304.16,Pago factura INV-00077,INV-00077,CC-100 Operaciones,Bruno Garcia 02 00000067
199,2026-04-25,2100,Cuentas por pagar,14353.84,0.00,Pago factura INV-00007,INV-00007,CC-100 Operaciones,Bruno Garcia 02 00000067
200,2026-03-30,2100,Cuentas por pagar,0.00,61268.88,Registro factura INV-00371,INV-00371,CC-100 Operaciones,Diego Luna 10 00000067
201,2026-06-13,2100,Cuentas por pagar,0.00,94621.20,Registro factura INV-00111,INV-00111,CC-100 Operaciones,Ana Ruiz 01 00000067
202,2026-01-17,5000,Gastos operativos,93408.00,0.00,Registro factura INV-00048,INV-00048,CC-100 Operaciones,Diego Luna 04 00000067
203,2026-01-21,1020,Bancos,0.00,23720.84,Pago factura INV-00195,INV-00195,CC-100 Operaciones,Bruno Garcia 02 00000067
204,2026-01-27,2100,Cuentas por pagar,108353.28,0.00,Pago factura INV-00048,INV-00048,CC-100 Operaciones,Bruno Garcia 02 00000067
205,2026-06-01,1020,Bancos,0.00,97964.32,Pago factura INV-00240,INV-00240,CC-100 Operaciones,Bruno Garcia 02 00000067
206,2026-05-22,1020,Bancos,0.00,82971.32,Pago factura INV-00323,INV-00323,CC-100 Operaciones,Bruno Garcia 02 00000067
207,2026-04-27,1020,Bancos,0.00,100487.32,Pago factura INV-00004,INV-00004,CC-100 Operaciones,Bruno Garcia 02 00000067
208,2026-04-07,1020,Bancos,0.00,46400.00,Pago factura INV-00173,INV-00173,CC-100 Operaciones,Bruno Garcia 02 00000067
209,2026-02-01,2100,Cuentas por pagar,23443.60,0.00,Pago factura INV-00160,INV-00160,CC-100 Operaciones,Bruno Garcia 02 00000067
210,2026-01-30,2100,Cuentas por pagar,102766.72,0.00,Pago factura INV-00196,INV-00196,CC-100 Operaciones,Bruno Garcia 02 00000067
211,2026-03-22,4000,Ingresos por servicios,55000.00,0.00,Reversion de venta cancelada INV-00037,INV-00037,CC-100 Operaciones,Bruno Garcia 02 00000067
212,2026-06-15,1020,Bancos,0.00,49996.00,Pago factura INV-00252,INV-00252,CC-100 Operaciones,Bruno Garcia 02 00000067
213,2026-04-16,1180,IVA acreditable,8496.00,0.00,Registro factura INV-00110,INV-00110,CC-100 Operaciones,Carla Soto 09 00000067
214,2026-02-04,2100,Cuentas por pagar,78848.68,0.00,Pago factura INV-00198,INV-00198,CC-100 Operaciones,Bruno Garcia 02 00000067
215,2026-05-14,2100,Cuentas por pagar,0.00,83602.36,Registro factura INV-00239,INV-00239,CC-100 Operaciones,Carla Soto 09 00000067
216,2026-02-11,2100,Cuentas por pagar,0.00,54492.16,Registro factura INV-00093,INV-00093,CC-100 Operaciones,Carla Soto 03 00000067
217,2026-05-25,1180,IVA acreditable,9036.64,0.00,Registro factura INV-00083,INV-00083,CC-100 Operaciones,Diego Luna 10 00000067
218,2026-06-18,1020,Bancos,0.00,61554.24,Pago factura INV-00320,INV-00320,CC-100 Operaciones,Bruno Garcia 02 00000067
219,2026-06-01,1180,IVA acreditable,2653.60,0.00,Registro factura INV-00339,INV-00339,CC-100 Operaciones,Carla Soto 03 00000067
220,2026-06-04,2100,Cuentas por pagar,65515.64,0.00,Pago factura INV-00083,INV-00083,CC-100 Operaciones,Bruno Garcia 02 00000067
221,2026-02-18,1180,IVA acreditable,2946.72,0.00,Registro factura INV-00075,INV-00075,CC-100 Operaciones,Bruno Garcia 02 00000067
222,2026-01-25,5000,Gastos operativos,68873.00,0.00,Registro factura INV-00210,INV-00210,CC-100 Operaciones,Fabian Rios 06 00000067
223,2026-03-16,5000,Gastos operativos,75935.00,0.00,Registro factura INV-00091,INV-00091,CC-100 Operaciones,Fabian Rios 06 00000067
224,2026-05-04,2100,Cuentas por pagar,53510.80,0.00,Pago factura INV-00161,INV-00161,CC-100 Operaciones,Bruno Garcia 02 00000067
225,2026-03-30,1180,IVA acreditable,4473.12,0.00,Registro factura INV-00347,INV-00347,CC-100 Operaciones,Bruno Garcia 08 00000067
226,2026-05-22,1180,IVA acreditable,4725.44,0.00,Registro factura INV-00181,INV-00181,CC-100 Operaciones,Carla Soto 09 00000067
227,2026-01-27,1180,IVA acreditable,6903.04,0.00,Registro factura INV-00337,INV-00337,CC-100 Operaciones,Bruno Garcia 08 00000067
228,2026-03-17,1020,Bancos,0.00,108187.40,Pago factura INV-00366,INV-00366,CC-100 Operaciones,Bruno Garcia 02 00000067
229,2026-05-15,5000,Gastos operativos,50311.00,0.00,Registro factura INV-00183,INV-00183,CC-100 Operaciones,Fabian Rios 06 00000067
230,2026-05-30,2100,Cuentas por pagar,0.00,29096.28,Registro factura INV-00364,INV-00364,CC-100 Operaciones,Ana Ruiz 01 00000067
231,2026-03-06,1180,IVA acreditable,13852.00,0.00,Registro factura INV-00052,INV-00052,CC-100 Operaciones,Diego Luna 04 00000067
232,2026-05-18,1180,IVA acreditable,12975.36,0.00,Registro factura INV-00140,INV-00140,CC-100 Operaciones,Elena Mora 05 00000067
233,2026-06-27,2100,Cuentas por pagar,83103.56,0.00,Pago factura INV-00297,INV-00297,CC-100 Operaciones,Bruno Garcia 02 00000067
234,2026-04-13,5000,Gastos operativos,13308.00,0.00,Registro factura INV-00212,INV-00212,CC-100 Operaciones,Bruno Garcia 08 00000067
235,2026-01-24,1180,IVA acreditable,4499.84,0.00,Registro factura INV-00301,INV-00301,CC-100 Operaciones,Ana Ruiz 07 00000067
236,2026-05-24,2100,Cuentas por pagar,83602.36,0.00,Pago factura INV-00239,INV-00239,CC-100 Operaciones,Bruno Garcia 02 00000067
237,2026-02-20,1020,Bancos,0.00,68485.24,Pago factura INV-00163,INV-00163,CC-100 Operaciones,Bruno Garcia 02 00000067
238,2026-04-09,1020,Bancos,0.00,32430.12,Pago factura INV-00347,INV-00347,CC-100 Operaciones,Bruno Garcia 02 00000067
239,2026-04-27,5000,Gastos operativos,80150.00,0.00,Registro factura INV-00098,INV-00098,CC-100 Operaciones,Bruno Garcia 08 00000067
240,2026-06-28,2100,Cuentas por pagar,0.00,87825.92,Registro factura INV-00359,INV-00359,CC-100 Operaciones,Bruno Garcia 08 00000067
241,2026-01-11,1180,IVA acreditable,12477.12,0.00,Registro factura INV-00104,INV-00104,CC-100 Operaciones,Diego Luna 04 00000067
242,2026-06-10,1180,IVA acreditable,13388.96,0.00,Registro factura INV-00243,INV-00243,CC-100 Operaciones,Diego Luna 04 00000067
243,2026-04-20,1180,IVA acreditable,13203.84,0.00,Registro factura INV-00032,INV-00032,CC-100 Operaciones,Carla Soto 03 00000067
244,2026-04-21,5000,Gastos operativos,70001.00,0.00,Registro factura INV-00261,INV-00261,CC-100 Operaciones,Diego Luna 10 00000067
245,2026-05-12,2100,Cuentas por pagar,0.00,82971.32,Registro factura INV-00323,INV-00323,CC-100 Operaciones,Ana Ruiz 07 00000067
246,2026-02-15,1020,Bancos,0.00,59438.40,Pago factura INV-00088,INV-00088,CC-100 Operaciones,Bruno Garcia 02 00000067
247,2026-03-22,5000,Gastos operativos,25561.00,0.00,Registro factura INV-00076,INV-00076,CC-100 Operaciones,Bruno Garcia 08 00000067
248,2026-04-04,2100,Cuentas por pagar,103062.52,0.00,Pago factura INV-00255,INV-00255,CC-100 Operaciones,Bruno Garcia 02 00000067
249,2026-03-15,5000,Gastos operativos,52548.00,0.00,Registro factura INV-00257,INV-00257,CC-100 Operaciones,Carla Soto 03 00000067
250,2026-02-07,5000,Gastos operativos,64018.00,0.00,Registro factura INV-00141,INV-00141,CC-100 Operaciones,Carla Soto 09 00000067
251,2026-01-23,2100,Cuentas por pagar,19998.40,0.00,Pago factura INV-00330,INV-00330,CC-100 Operaciones,Bruno Garcia 02 00000067
252,2026-04-11,1020,Bancos,0.00,58303.92,Pago factura INV-00139,INV-00139,CC-100 Operaciones,Bruno Garcia 02 00000067
253,2026-06-29,1020,Bancos,0.00,94232.60,Pago factura INV-00202,INV-00202,CC-100 Operaciones,Bruno Garcia 02 00000067
254,2026-02-22,1180,IVA acreditable,12421.12,0.00,Registro factura INV-00105,INV-00105,CC-100 Operaciones,Fabian Rios 06 00000067
255,2026-02-12,2100,Cuentas por pagar,0.00,106348.80,Registro factura INV-00137,INV-00137,CC-100 Operaciones,Diego Luna 10 00000067
256,2026-03-21,5000,Gastos operativos,20253.00,0.00,Registro factura INV-00262,INV-00262,CC-100 Operaciones,Carla Soto 09 00000067
257,2026-04-06,2100,Cuentas por pagar,108432.16,0.00,Pago factura INV-00360,INV-00360,CC-100 Operaciones,Bruno Garcia 02 00000067
258,2026-02-05,1180,IVA acreditable,6896.00,0.00,Registro factura INV-00361,INV-00361,CC-100 Operaciones,Elena Mora 05 00000067
259,2026-05-19,5000,Gastos operativos,47759.00,0.00,Registro factura INV-00374,INV-00374,CC-100 Operaciones,Bruno Garcia 02 00000067
260,2026-02-15,1020,Bancos,0.00,25292.64,Pago factura INV-00142,INV-00142,CC-100 Operaciones,Bruno Garcia 02 00000067
261,2026-06-27,2100,Cuentas por pagar,0.00,14917.60,Registro factura INV-00312,INV-00312,CC-100 Operaciones,Ana Ruiz 01 00000067
262,2026-06-10,5000,Gastos operativos,47467.00,0.00,Registro factura INV-00047,INV-00047,CC-100 Operaciones,Bruno Garcia 02 00000067
263,2026-06-02,5000,Gastos operativos,36949.00,0.00,Registro factura INV-00263,INV-00263,CC-100 Operaciones,Diego Luna 10 00000067
264,2026-04-05,5000,Gastos operativos,77716.00,0.00,Registro factura INV-00124,INV-00124,CC-100 Operaciones,Fabian Rios 06 00000067
265,2026-02-12,2100,Cuentas por pagar,83989.80,0.00,Pago factura INV-00353,INV-00353,CC-100 Operaciones,Bruno Garcia 02 00000067
266,2026-02-12,1020,Bancos,0.00,83989.80,Pago factura INV-00353,INV-00353,CC-100 Operaciones,Bruno Garcia 02 00000067
267,2026-01-30,2100,Cuentas por pagar,0.00,108507.56,Registro factura INV-00009,INV-00009,CC-100 Operaciones,Ana Ruiz 07 00000067
268,2026-06-17,1180,IVA acreditable,11462.56,0.00,Registro factura INV-00297,INV-00297,CC-100 Operaciones,Ana Ruiz 07 00000067
269,2026-03-08,5000,Gastos operativos,40799.00,0.00,Registro factura INV-00015,INV-00015,CC-100 Operaciones,Bruno Garcia 08 00000067
270,2026-04-25,1180,IVA acreditable,6176.96,0.00,Registro factura INV-00362,INV-00362,CC-100 Operaciones,Bruno Garcia 08 00000067
271,2026-02-04,2100,Cuentas por pagar,0.00,64397.40,Registro factura INV-00095,INV-00095,CC-100 Operaciones,Diego Luna 10 00000067
272,2026-05-25,1180,IVA acreditable,5122.72,0.00,Registro factura INV-00108,INV-00108,CC-100 Operaciones,Bruno Garcia 08 00000067
273,2026-03-25,5000,Gastos operativos,88847.00,0.00,Registro factura INV-00255,INV-00255,CC-100 Operaciones,Elena Mora 05 00000067
274,2026-02-02,1180,IVA acreditable,11584.80,0.00,Registro factura INV-00353,INV-00353,CC-100 Operaciones,Fabian Rios 06 00000067
275,2026-01-28,2100,Cuentas por pagar,73234.28,0.00,Pago factura INV-00012,INV-00012,CC-100 Operaciones,Bruno Garcia 02 00000067
276,2026-04-17,2100,Cuentas por pagar,0.00,100487.32,Registro factura INV-00004,INV-00004,CC-100 Operaciones,Fabian Rios 06 00000067
277,2026-01-15,1180,IVA acreditable,12640.96,0.00,Registro factura INV-00321,INV-00321,CC-100 Operaciones,Diego Luna 10 00000067
278,2026-06-08,2100,Cuentas por pagar,94058.60,0.00,Pago factura INV-00001,INV-00001,CC-100 Operaciones,Bruno Garcia 02 00000067
279,2026-05-05,2100,Cuentas por pagar,0.00,25292.64,Registro factura INV-00242,INV-00242,CC-100 Operaciones,Bruno Garcia 02 00000067
280,2026-02-25,1180,IVA acreditable,8386.56,0.00,Registro factura INV-00121,INV-00121,CC-100 Operaciones,Elena Mora 05 00000067
281,2026-04-09,5000,Gastos operativos,0.00,40000.00,Reembolso proveedor INV-00173,INV-00173,CC-100 Operaciones,Bruno Garcia 02 00000067
282,2026-02-11,5000,Gastos operativos,46976.00,0.00,Registro factura INV-00093,INV-00093,CC-100 Operaciones,Carla Soto 03 00000067
283,2026-03-28,5000,Gastos operativos,82391.00,0.00,Registro factura INV-00206,INV-00206,CC-100 Operaciones,Fabian Rios 06 00000067
284,2026-04-24,1020,Bancos,0.00,99035.00,Pago factura INV-00238,INV-00238,CC-100 Operaciones,Bruno Garcia 02 00000067
285,2026-04-18,5000,Gastos operativos,19533.00,0.00,Registro factura INV-00226,INV-00226,CC-100 Operaciones,Ana Ruiz 01 00000067
286,2026-05-12,2100,Cuentas por pagar,74052.08,0.00,Pago factura INV-00237,INV-00237,CC-100 Operaciones,Bruno Garcia 02 00000067
287,2026-06-05,2100,Cuentas por pagar,0.00,23722.00,Registro factura INV-00003,INV-00003,CC-100 Operaciones,Ana Ruiz 07 00000067
288,2026-05-09,1180,IVA acreditable,13684.80,0.00,Registro factura INV-00233,INV-00233,CC-100 Operaciones,Bruno Garcia 08 00000067
289,2026-06-30,1020,Bancos,0.00,95695.36,Pago factura INV-00215,INV-00215,CC-100 Operaciones,Bruno Garcia 02 00000067
290,2026-03-05,1020,Bancos,0.00,50379.96,Pago factura INV-00324,INV-00324,CC-100 Operaciones,Bruno Garcia 02 00000067
291,2026-06-30,1020,Bancos,0.00,79573.68,Pago factura INV-00310,INV-00310,CC-100 Operaciones,Bruno Garcia 02 00000067
292,2026-03-23,2100,Cuentas por pagar,66135.08,0.00,Pago factura INV-00018,INV-00018,CC-100 Operaciones,Bruno Garcia 02 00000067
293,2026-02-11,4000,Ingresos por servicios,0.00,53896.00,Registro venta INV-00313,INV-00313,CC-100 Operaciones,Bruno Garcia 02 00000067
294,2026-02-23,1180,IVA acreditable,6948.96,0.00,Registro factura INV-00324,INV-00324,CC-100 Operaciones,Ana Ruiz 01 00000067
295,2026-01-15,5000,Gastos operativos,79006.00,0.00,Registro factura INV-00321,INV-00321,CC-100 Operaciones,Diego Luna 10 00000067
296,2026-05-07,1180,IVA acreditable,11192.64,0.00,Registro factura INV-00228,INV-00228,CC-100 Operaciones,Bruno Garcia 02 00000067
297,2026-02-05,2100,Cuentas por pagar,0.00,45024.24,Registro factura INV-00267,INV-00267,CC-100 Operaciones,Ana Ruiz 07 00000067
298,2026-02-05,1180,IVA acreditable,3272.00,0.00,Registro factura INV-00129,INV-00129,CC-100 Operaciones,Carla Soto 03 00000067
299,2026-01-25,2100,Cuentas por pagar,91646.96,0.00,Pago factura INV-00321,INV-00321,CC-100 Operaciones,Bruno Garcia 02 00000067
300,2026-05-29,2100,Cuentas por pagar,0.00,49774.44,Registro factura INV-00305,INV-00305,CC-100 Operaciones,Diego Luna 04 00000067
301,2026-03-25,1180,IVA acreditable,9135.52,0.00,Registro factura INV-00060,INV-00060,CC-100 Operaciones,Ana Ruiz 07 00000067
302,2026-06-30,2100,Cuentas por pagar,95695.36,0.00,Pago factura INV-00215,INV-00215,CC-100 Operaciones,Bruno Garcia 02 00000067
303,2026-04-05,1180,IVA acreditable,6896.00,0.00,Registro factura INV-00224,INV-00224,CC-100 Operaciones,Ana Ruiz 07 00000067
304,2026-05-17,1180,IVA acreditable,3407.52,0.00,Registro factura INV-00268,INV-00268,CC-100 Operaciones,Bruno Garcia 08 00000067
305,2026-01-16,5000,Gastos operativos,37559.00,0.00,Registro factura INV-00217,INV-00217,CC-100 Operaciones,Carla Soto 09 00000067
306,2026-03-18,1020,Bancos,0.00,47326.84,Pago factura INV-00015,INV-00015,CC-100 Operaciones,Bruno Garcia 02 00000067
307,2026-04-18,1180,IVA acreditable,6192.96,0.00,Registro factura INV-00186,INV-00186,CC-100 Operaciones,Carla Soto 09 00000067
308,2026-05-07,1020,Bancos,0.00,92974.00,Pago factura INV-00098,INV-00098,CC-100 Operaciones,Bruno Garcia 02 00000067
309,2026-04-07,1180,IVA acreditable,7750.56,0.00,Registro factura INV-00222,INV-00222,CC-100 Operaciones,Bruno Garcia 08 00000067
310,2026-03-13,5000,Gastos operativos,32988.00,0.00,Registro factura INV-00002,INV-00002,CC-100 Operaciones,Ana Ruiz 07 00000067
311,2026-02-20,2100,Cuentas por pagar,68485.24,0.00,Pago factura INV-00163,INV-00163,CC-100 Operaciones,Bruno Garcia 02 00000067
312,2026-04-11,2100,Cuentas por pagar,58303.92,0.00,Pago factura INV-00139,INV-00139,CC-100 Operaciones,Bruno Garcia 02 00000067
313,2026-02-12,1020,Bancos,0.00,96897.12,Pago factura INV-00300,INV-00300,CC-100 Operaciones,Bruno Garcia 02 00000067
314,2026-03-12,5000,Gastos operativos,90869.00,0.00,Registro factura INV-00148,INV-00148,CC-100 Operaciones,Diego Luna 04 00000067
315,2026-03-26,5000,Gastos operativos,77654.00,0.00,Registro factura INV-00020,INV-00020,CC-100 Operaciones,Diego Luna 04 00000067
316,2026-06-04,2100,Cuentas por pagar,37139.72,0.00,Pago factura INV-00108,INV-00108,CC-100 Operaciones,Bruno Garcia 02 00000067
317,2026-06-24,1180,IVA acreditable,13199.36,0.00,Registro factura INV-00215,INV-00215,CC-100 Operaciones,Bruno Garcia 02 00000067
318,2026-03-02,2100,Cuentas por pagar,0.00,47430.08,Registro factura INV-00080,INV-00080,CC-100 Operaciones,Bruno Garcia 08 00000067
319,2026-06-07,1020,Bancos,0.00,66890.24,Pago factura INV-00125,INV-00125,CC-100 Operaciones,Bruno Garcia 02 00000067
320,2026-04-09,2100,Cuentas por pagar,0.00,19012.40,Registro factura INV-00086,INV-00086,CC-100 Operaciones,Diego Luna 04 00000067
321,2026-04-09,2100,Cuentas por pagar,32430.12,0.00,Pago factura INV-00347,INV-00347,CC-100 Operaciones,Bruno Garcia 02 00000067
322,2026-02-05,5000,Gastos operativos,43100.00,0.00,Registro factura INV-00361,INV-00361,CC-100 Operaciones,Elena Mora 05 00000067
323,2026-04-14,2100,Cuentas por pagar,0.00,26496.72,Registro factura INV-00335,INV-00335,CC-100 Operaciones,Ana Ruiz 07 00000067
324,2026-01-19,2100,Cuentas por pagar,0.00,26100.00,Registro factura INV-00187,INV-00187,CC-100 Operaciones,Carla Soto 09 00000067
325,2026-06-06,1180,IVA acreditable,12456.00,0.00,Registro factura INV-00213,INV-00213,CC-100 Operaciones,Fabian Rios 06 00000067
326,2026-03-29,2100,Cuentas por pagar,0.00,98652.20,Registro factura INV-00289,INV-00289,CC-100 Operaciones,Carla Soto 03 00000067
327,2026-02-22,2100,Cuentas por pagar,106348.80,0.00,Pago factura INV-00137,INV-00137,CC-100 Operaciones,Bruno Garcia 02 00000067
328,2026-03-16,2100,Cuentas por pagar,80709.32,0.00,Pago factura INV-00272,INV-00272,CC-100 Operaciones,Bruno Garcia 02 00000067
329,2026-06-09,2100,Cuentas por pagar,0.00,79776.68,Registro factura INV-00278,INV-00278,CC-100 Operaciones,Ana Ruiz 07 00000067
330,2026-05-11,1020,Bancos,0.00,21828.88,Pago factura INV-00071,INV-00071,CC-100 Operaciones,Bruno Garcia 02 00000067
331,2026-04-06,2100,Cuentas por pagar,74564.80,0.00,Pago factura INV-00027,INV-00027,CC-100 Operaciones,Bruno Garcia 02 00000067
332,2026-05-25,2100,Cuentas por pagar,15090.44,0.00,Pago factura INV-00197,INV-00197,CC-100 Operaciones,Bruno Garcia 02 00000067
333,2026-04-10,5000,Gastos operativos,32625.00,0.00,Registro factura INV-00157,INV-00157,CC-100 Operaciones,Ana Ruiz 01 00000067
334,2026-05-22,2100,Cuentas por pagar,82971.32,0.00,Pago factura INV-00323,INV-00323,CC-100 Operaciones,Bruno Garcia 02 00000067
335,2026-02-12,4000,Ingresos por servicios,0.00,54246.00,Registro venta INV-00102,INV-00102,CC-100 Operaciones,Bruno Garcia 02 00000067
336,2026-04-19,1020,Bancos,0.00,50668.80,Pago factura INV-00074,INV-00074,CC-100 Operaciones,Bruno Garcia 02 00000067
337,2026-06-24,1180,IVA acreditable,14913.76,0.00,Registro factura INV-00170,INV-00170,CC-100 Operaciones,Diego Luna 04 00000067
338,2026-03-23,2100,Cuentas por pagar,19998.40,0.00,Pago factura INV-00166,INV-00166,CC-100 Operaciones,Bruno Garcia 02 00000067
339,2026-05-13,2100,Cuentas por pagar,0.00,60739.92,Registro factura INV-00332,INV-00332,CC-100 Operaciones,Bruno Garcia 02 00000067
340,2026-03-13,1180,IVA acreditable,9122.08,0.00,Registro factura INV-00018,INV-00018,CC-100 Operaciones,Carla Soto 09 00000067
341,2026-05-12,1180,IVA acreditable,11444.32,0.00,Registro factura INV-00323,INV-00323,CC-100 Operaciones,Ana Ruiz 07 00000067
342,2026-06-10,1020,Bancos,0.00,72321.36,Pago factura INV-00022,INV-00022,CC-100 Operaciones,Bruno Garcia 02 00000067
343,2026-03-05,5000,Gastos operativos,21804.00,0.00,Registro factura INV-00368,INV-00368,CC-100 Operaciones,Diego Luna 10 00000067
344,2026-05-11,5000,Gastos operativos,57067.00,0.00,Registro factura INV-00072,INV-00072,CC-100 Operaciones,Diego Luna 10 00000067
345,2026-06-23,2100,Cuentas por pagar,87031.32,0.00,Pago factura INV-00285,INV-00285,CC-100 Operaciones,Bruno Garcia 02 00000067
346,2026-03-13,2100,Cuentas por pagar,103436.04,0.00,Pago factura INV-00265,INV-00265,CC-100 Operaciones,Bruno Garcia 02 00000067
347,2026-05-27,5000,Gastos operativos,18552.00,0.00,Registro factura INV-00309,INV-00309,CC-100 Operaciones,Diego Luna 04 00000067
348,2026-02-27,5000,Gastos operativos,27755.00,0.00,Registro factura INV-00314,INV-00314,CC-100 Operaciones,Ana Ruiz 07 00000067
349,2026-03-04,1180,IVA acreditable,12627.36,0.00,Registro factura INV-00229,INV-00229,CC-100 Operaciones,Bruno Garcia 02 00000067
350,2026-03-05,2100,Cuentas por pagar,0.00,49996.00,Registro factura INV-00166,INV-00166,CC-100 Operaciones,Fabian Rios 06 00000067
351,2026-04-12,2100,Cuentas por pagar,16582.20,0.00,Pago factura INV-00177,INV-00177,CC-100 Operaciones,Bruno Garcia 02 00000067
352,2026-05-04,5000,Gastos operativos,42923.00,0.00,Registro factura INV-00097,INV-00097,CC-100 Operaciones,Carla Soto 03 00000067
353,2026-04-18,2100,Cuentas por pagar,49300.00,0.00,Pago factura INV-00023,INV-00023,CC-100 Operaciones,Bruno Garcia 02 00000067
354,2026-02-19,2100,Cuentas por pagar,28598.64,0.00,Pago factura INV-00081,INV-00081,CC-100 Operaciones,Bruno Garcia 02 00000067
355,2026-04-29,1180,IVA acreditable,10742.72,0.00,Registro factura INV-00259,INV-00259,CC-100 Operaciones,Bruno Garcia 02 00000067
356,2026-01-25,1020,Bancos,0.00,91646.96,Pago factura INV-00321,INV-00321,CC-100 Operaciones,Bruno Garcia 02 00000067
357,2026-05-06,2100,Cuentas por pagar,104481.20,0.00,Pago factura INV-00214,INV-00214,CC-100 Operaciones,Bruno Garcia 02 00000067
358,2026-04-04,1180,IVA acreditable,5381.44,0.00,Registro factura INV-00231,INV-00231,CC-100 Operaciones,Ana Ruiz 01 00000067
359,2026-02-11,2100,Cuentas por pagar,64436.84,0.00,Pago factura INV-00269,INV-00269,CC-100 Operaciones,Bruno Garcia 02 00000067
360,2026-04-09,2100,Cuentas por pagar,0.00,50668.80,Registro factura INV-00074,INV-00074,CC-100 Operaciones,Bruno Garcia 02 00000067
361,2026-01-23,1020,Bancos,0.00,10117.06,Pago factura INV-00034,INV-00034,CC-100 Operaciones,Bruno Garcia 02 00000067
362,2026-02-18,5000,Gastos operativos,18417.00,0.00,Registro factura INV-00075,INV-00075,CC-100 Operaciones,Bruno Garcia 02 00000067
363,2026-03-27,1020,Bancos,0.00,25725.32,Pago factura INV-00348,INV-00348,CC-100 Operaciones,Bruno Garcia 02 00000067
364,2026-05-27,2100,Cuentas por pagar,24704.52,0.00,Pago factura INV-00268,INV-00268,CC-100 Operaciones,Bruno Garcia 02 00000067
365,2026-01-05,1180,IVA acreditable,3488.64,0.00,Registro factura INV-00034,INV-00034,CC-100 Operaciones,Bruno Garcia 08 00000067
366,2026-05-16,5000,Gastos operativos,21991.00,0.00,Registro factura INV-00057,INV-00057,CC-100 Operaciones,Carla Soto 03 00000067
367,2026-06-01,2100,Cuentas por pagar,34259.44,0.00,Pago factura INV-00181,INV-00181,CC-100 Operaciones,Bruno Garcia 02 00000067
368,2026-05-26,5000,Gastos operativos,30574.00,0.00,Registro factura INV-00135,INV-00135,CC-100 Operaciones,Elena Mora 05 00000067
369,2026-03-18,2100,Cuentas por pagar,0.00,29981.36,Registro factura INV-00220,INV-00220,CC-100 Operaciones,Bruno Garcia 02 00000067
370,2026-01-15,5000,Gastos operativos,31162.00,0.00,Registro factura INV-00256,INV-00256,CC-100 Operaciones,Bruno Garcia 02 00000067
371,2026-03-02,2100,Cuentas por pagar,73508.04,0.00,Pago factura INV-00331,INV-00331,CC-100 Operaciones,Bruno Garcia 02 00000067
372,2026-01-30,1020,Bancos,0.00,102766.72,Pago factura INV-00196,INV-00196,CC-100 Operaciones,Bruno Garcia 02 00000067
373,2026-05-06,5000,Gastos operativos,80631.00,0.00,Registro factura INV-00244,INV-00244,CC-100 Operaciones,Ana Ruiz 07 00000067
374,2026-01-21,2100,Cuentas por pagar,0.00,49015.80,Registro factura INV-00227,INV-00227,CC-100 Operaciones,Diego Luna 10 00000067
375,2026-01-31,5000,Gastos operativos,77064.00,0.00,Registro factura INV-00316,INV-00316,CC-100 Operaciones,Diego Luna 04 00000067
376,2026-03-22,5000,Gastos operativos,31851.00,0.00,Registro factura INV-00118,INV-00118,CC-100 Operaciones,Fabian Rios 06 00000067
377,2026-05-05,1180,IVA acreditable,7628.16,0.00,Registro factura INV-00077,INV-00077,CC-100 Operaciones,Bruno Garcia 02 00000067
378,2026-06-06,2100,Cuentas por pagar,0.00,18975.28,Registro factura INV-00254,INV-00254,CC-100 Operaciones,Bruno Garcia 08 00000067
379,2026-04-26,1020,Bancos,0.00,72830.60,Pago factura INV-00010,INV-00010,CC-100 Operaciones,Bruno Garcia 02 00000067
380,2026-05-19,1020,Bancos,0.00,99214.80,Pago factura INV-00233,INV-00233,CC-100 Operaciones,Bruno Garcia 02 00000067
381,2026-05-27,5000,Gastos operativos,31652.00,0.00,Registro factura INV-00351,INV-00351,CC-100 Operaciones,Bruno Garcia 02 00000067
382,2026-04-18,2100,Cuentas por pagar,53607.08,0.00,Pago factura INV-00260,INV-00260,CC-100 Operaciones,Bruno Garcia 02 00000067
383,2026-06-26,1020,Bancos,0.00,29203.00,Pago factura INV-00146,INV-00146,CC-100 Operaciones,Bruno Garcia 02 00000067
384,2026-05-27,1180,IVA acreditable,5064.32,0.00,Registro factura INV-00351,INV-00351,CC-100 Operaciones,Bruno Garcia 02 00000067
385,2026-05-20,1020,Bancos,0.00,40796.04,Pago factura INV-00006,INV-00006,CC-100 Operaciones,Bruno Garcia 02 00000067
386,2026-02-04,1020,Bancos,0.00,79892.68,Pago factura INV-00210,INV-00210,CC-100 Operaciones,Bruno Garcia 02 00000067
387,2026-03-01,2100,Cuentas por pagar,0.00,51253.44,Registro factura INV-00308,INV-00308,CC-100 Operaciones,Fabian Rios 06 00000067
388,2026-05-08,1180,IVA acreditable,13472.48,0.00,Registro factura INV-00159,INV-00159,CC-100 Operaciones,Ana Ruiz 01 00000067
389,2026-04-28,1020,Bancos,0.00,44898.96,Pago factura INV-00186,INV-00186,CC-100 Operaciones,Bruno Garcia 02 00000067
390,2026-01-19,2100,Cuentas por pagar,76011.32,0.00,Pago factura INV-00035,INV-00035,CC-100 Operaciones,Bruno Garcia 02 00000067
391,2026-04-16,2100,Cuentas por pagar,44142.64,0.00,Pago factura INV-00191,INV-00191,CC-100 Operaciones,Bruno Garcia 02 00000067
392,2026-04-20,5000,Gastos operativos,72968.00,0.00,Registro factura INV-00147,INV-00147,CC-100 Operaciones,Elena Mora 05 00000067
393,2026-04-20,5000,Gastos operativos,82524.00,0.00,Registro factura INV-00032,INV-00032,CC-100 Operaciones,Carla Soto 03 00000067
394,2026-01-30,1020,Bancos,0.00,85021.04,Pago factura INV-00293,INV-00293,CC-100 Operaciones,Bruno Garcia 02 00000067
395,2026-03-11,1180,IVA acreditable,7893.92,0.00,Registro factura INV-00334,INV-00334,CC-100 Operaciones,Ana Ruiz 07 00000067
396,2026-04-12,2100,Cuentas por pagar,82000.40,0.00,Pago factura INV-00114,INV-00114,CC-100 Operaciones,Bruno Garcia 02 00000067
397,2026-05-09,2100,Cuentas por pagar,77884.72,0.00,Pago factura INV-00259,INV-00259,CC-100 Operaciones,Bruno Garcia 02 00000067
398,2026-04-12,1020,Bancos,0.00,16582.20,Pago factura INV-00177,INV-00177,CC-100 Operaciones,Bruno Garcia 02 00000067
399,2026-06-05,5000,Gastos operativos,21804.00,0.00,Registro factura INV-00016,INV-00016,CC-100 Operaciones,Carla Soto 03 00000067
400,2026-06-07,1180,IVA acreditable,4262.56,0.00,Registro factura INV-00096,INV-00096,CC-100 Operaciones,Carla Soto 03 00000067
401,2026-02-15,5000,Gastos operativos,57819.00,0.00,Registro factura INV-00041,INV-00041,CC-100 Operaciones,Ana Ruiz 01 00000067
402,2026-04-15,1020,Bancos,0.00,23722.00,Pago factura INV-00304,INV-00304,CC-100 Operaciones,Bruno Garcia 02 00000067
403,2026-02-21,2100,Cuentas por pagar,0.00,48249.04,Registro factura INV-00286,INV-00286,CC-100 Operaciones,Ana Ruiz 01 00000067
404,2026-02-16,2100,Cuentas por pagar,0.00,17564.72,Registro factura INV-00038,INV-00038,CC-100 Operaciones,Bruno Garcia 08 00000067
405,2026-05-19,1180,IVA acreditable,7641.44,0.00,Registro factura INV-00374,INV-00374,CC-100 Operaciones,Bruno Garcia 02 00000067
406,2026-03-25,2100,Cuentas por pagar,67740.52,0.00,Pago factura INV-00325,INV-00325,CC-100 Operaciones,Bruno Garcia 02 00000067
407,2026-04-11,1180,IVA acreditable,12913.76,0.00,Registro factura INV-00234,INV-00234,CC-100 Operaciones,Fabian Rios 06 00000067
408,2026-03-05,1180,IVA acreditable,3488.64,0.00,Registro factura INV-00368,INV-00368,CC-100 Operaciones,Diego Luna 10 00000067
409,2026-02-10,5000,Gastos operativos,55236.00,0.00,Registro factura INV-00251,INV-00251,CC-100 Operaciones,Diego Luna 10 00000067
410,2026-05-05,2100,Cuentas por pagar,0.00,23722.00,Registro factura INV-00355,INV-00355,CC-100 Operaciones,Fabian Rios 06 00000067
411,2026-02-11,2100,Cuentas por pagar,38865.80,0.00,Pago factura INV-00288,INV-00288,CC-100 Operaciones,Bruno Garcia 02 00000067
412,2026-03-11,1020,Bancos,0.00,14348.04,Pago factura INV-00189,INV-00189,CC-100 Operaciones,Bruno Garcia 02 00000067
413,2026-06-21,2100,Cuentas por pagar,89622.76,0.00,Pago factura INV-00358,INV-00358,CC-100 Operaciones,Bruno Garcia 02 00000067
414,2026-02-01,2100,Cuentas por pagar,0.00,64436.84,Registro factura INV-00269,INV-00269,CC-100 Operaciones,Ana Ruiz 01 00000067
415,2026-02-21,2100,Cuentas por pagar,24298.52,0.00,Pago factura INV-00144,INV-00144,CC-100 Operaciones,Bruno Garcia 02 00000067
416,2026-04-11,2100,Cuentas por pagar,0.00,15852.56,Registro factura INV-00193,INV-00193,CC-100 Operaciones,Diego Luna 04 00000067
417,2026-01-22,5000,Gastos operativos,44339.00,0.00,Registro factura INV-00155,INV-00155,CC-100 Operaciones,Elena Mora 05 00000067
418,2026-05-09,1020,Bancos,0.00,19961.28,Pago factura INV-00065,INV-00065,CC-100 Operaciones,Bruno Garcia 02 00000067
419,2026-02-25,1050,Cuentas por cobrar,0.00,71340.00,Cobro factura INV-00188,INV-00188,CC-100 Operaciones,Bruno Garcia 02 00000067
420,2026-05-02,2100,Cuentas por pagar,0.00,64151.48,Registro factura INV-00168,INV-00168,CC-100 Operaciones,Ana Ruiz 01 00000067
421,2026-01-20,5000,Gastos operativos,88592.00,0.00,Registro factura INV-00196,INV-00196,CC-100 Operaciones,Carla Soto 03 00000067
422,2026-04-16,1180,IVA acreditable,10045.60,0.00,Registro factura INV-00010,INV-00010,CC-100 Operaciones,Ana Ruiz 07 00000067
423,2026-03-10,1020,Bancos,0.00,58624.08,Pago factura INV-00329,INV-00329,CC-100 Operaciones,Bruno Garcia 02 00000067
424,2026-02-22,2100,Cuentas por pagar,102555.60,0.00,Pago factura INV-00328,INV-00328,CC-100 Operaciones,Bruno Garcia 02 00000067
425,2026-06-22,2100,Cuentas por pagar,37943.60,0.00,Pago factura INV-00164,INV-00164,CC-100 Operaciones,Bruno Garcia 02 00000067
426,2026-04-28,5000,Gastos operativos,29485.00,0.00,Registro factura INV-00276,INV-00276,CC-100 Operaciones,Ana Ruiz 07 00000067
427,2026-04-15,1020,Bancos,0.00,49996.00,Pago factura INV-00224,INV-00224,CC-100 Operaciones,Bruno Garcia 02 00000067
428,2026-02-10,1180,IVA acreditable,8837.76,0.00,Registro factura INV-00251,INV-00251,CC-100 Operaciones,Diego Luna 10 00000067
429,2026-04-06,1020,Bancos,0.00,108432.16,Pago factura INV-00360,INV-00360,CC-100 Operaciones,Bruno Garcia 02 00000067
430,2026-02-24,1020,Bancos,0.00,83652.24,Pago factura INV-00025,INV-00025,CC-100 Operaciones,Bruno Garcia 02 00000067
431,2026-04-10,2100,Cuentas por pagar,103829.28,0.00,Pago factura INV-00089,INV-00089,CC-100 Operaciones,Bruno Garcia 02 00000067
432,2026-06-22,1020,Bancos,0.00,76022.92,Pago factura INV-00084,INV-00084,CC-100 Operaciones,Bruno Garcia 02 00000067
433,2026-06-22,2100,Cuentas por pagar,0.00,18720.08,Registro factura INV-00117,INV-00117,CC-100 Operaciones,Diego Luna 10 00000067
434,2026-02-18,1020,Bancos,0.00,73040.56,Pago factura INV-00064,INV-00064,CC-100 Operaciones,Bruno Garcia 02 00000067
435,2026-03-10,2100,Cuentas por pagar,51078.28,0.00,Pago factura INV-00113,INV-00113,CC-100 Operaciones,Bruno Garcia 02 00000067
436,2026-04-23,5000,Gastos operativos,62019.00,0.00,Registro factura INV-00171,INV-00171,CC-100 Operaciones,Bruno Garcia 02 00000067
437,2026-04-13,1180,IVA acreditable,2129.28,0.00,Registro factura INV-00212,INV-00212,CC-100 Operaciones,Bruno Garcia 08 00000067
438,2026-02-17,5000,Gastos operativos,81898.00,0.00,Registro factura INV-00184,INV-00184,CC-100 Operaciones,Ana Ruiz 01 00000067
439,2026-02-15,1180,IVA acreditable,9251.04,0.00,Registro factura INV-00041,INV-00041,CC-100 Operaciones,Ana Ruiz 01 00000067
440,2026-02-16,2100,Cuentas por pagar,0.00,97136.08,Registro factura INV-00123,INV-00123,CC-100 Operaciones,Fabian Rios 06 00000067
441,2026-04-05,2100,Cuentas por pagar,0.00,23722.00,Registro factura INV-00304,INV-00304,CC-100 Operaciones,Elena Mora 05 00000067
442,2026-02-20,2100,Cuentas por pagar,64073.76,0.00,Pago factura INV-00251,INV-00251,CC-100 Operaciones,Bruno Garcia 02 00000067
443,2026-06-30,1020,Bancos,0.00,25231.16,Pago factura INV-00216,INV-00216,CC-100 Operaciones,Bruno Garcia 02 00000067
444,2026-03-09,1180,IVA acreditable,7042.88,0.00,Registro factura INV-00050,INV-00050,CC-100 Operaciones,Ana Ruiz 01 00000067
445,2026-05-15,1180,IVA acreditable,8049.76,0.00,Registro factura INV-00183,INV-00183,CC-100 Operaciones,Fabian Rios 06 00000067
446,2026-04-02,1180,IVA acreditable,11310.40,0.00,Registro factura INV-00114,INV-00114,CC-100 Operaciones,Ana Ruiz 07 00000067
447,2026-03-08,2100,Cuentas por pagar,0.00,18448.64,Registro factura INV-00061,INV-00061,CC-100 Operaciones,Fabian Rios 06 00000067
448,2026-02-28,2100,Cuentas por pagar,0.00,48126.08,Registro factura INV-00051,INV-00051,CC-100 Operaciones,Diego Luna 04 00000067
449,2026-03-31,2100,Cuentas por pagar,0.00,103829.28,Registro factura INV-00089,INV-00089,CC-100 Operaciones,Carla Soto 03 00000067
450,2026-06-17,2100,Cuentas por pagar,30903.56,0.00,Pago factura INV-00096,INV-00096,CC-100 Operaciones,Bruno Garcia 02 00000067
451,2026-03-31,1180,IVA acreditable,4569.76,0.00,Registro factura INV-00063,INV-00063,CC-100 Operaciones,Elena Mora 05 00000067
452,2026-04-17,2100,Cuentas por pagar,49300.00,0.00,Pago factura INV-00013,INV-00013,CC-100 Operaciones,Bruno Garcia 02 00000067
453,2026-03-19,2100,Cuentas por pagar,0.00,13926.96,Registro factura INV-00190,INV-00190,CC-100 Operaciones,Carla Soto 09 00000067
454,2026-01-27,2100,Cuentas por pagar,81477.24,0.00,Pago factura INV-00031,INV-00031,CC-100 Operaciones,Bruno Garcia 02 00000067
455,2026-04-08,2100,Cuentas por pagar,98652.20,0.00,Pago factura INV-00289,INV-00289,CC-100 Operaciones,Bruno Garcia 02 00000067
456,2026-06-03,5000,Gastos operativos,86267.00,0.00,Registro factura INV-00273,INV-00273,CC-100 Operaciones,Carla Soto 09 00000067
457,2026-02-15,2100,Cuentas por pagar,0.00,67070.04,Registro factura INV-00041,INV-00041,CC-100 Operaciones,Ana Ruiz 01 00000067
458,2026-04-22,5000,Gastos operativos,56189.00,0.00,Registro factura INV-00373,INV-00373,CC-100 Operaciones,Ana Ruiz 07 00000067
459,2026-04-16,1020,Bancos,0.00,105885.96,Pago factura INV-00302,INV-00302,CC-100 Operaciones,Bruno Garcia 02 00000067
460,2026-05-18,1020,Bancos,0.00,97675.48,Pago factura INV-00159,INV-00159,CC-100 Operaciones,Bruno Garcia 02 00000067
461,2026-02-05,1180,IVA acreditable,8198.40,0.00,Registro factura INV-00088,INV-00088,CC-100 Operaciones,Elena Mora 05 00000067
462,2026-03-27,1020,Bancos,0.00,104438.28,Pago factura INV-00150,INV-00150,CC-100 Operaciones,Bruno Garcia 02 00000067
463,2026-05-13,2100,Cuentas por pagar,93984.36,0.00,Pago factura INV-00356,INV-00356,CC-100 Operaciones,Bruno Garcia 02 00000067
464,2026-06-28,1180,IVA acreditable,12113.92,0.00,Registro factura INV-00359,INV-00359,CC-100 Operaciones,Bruno Garcia 08 00000067
465,2026-04-03,2100,Cuentas por pagar,80084.08,0.00,Pago factura INV-00158,INV-00158,CC-100 Operaciones,Bruno Garcia 02 00000067
466,2026-03-31,1020,Bancos,0.00,101798.12,Pago factura INV-00346,INV-00346,CC-100 Operaciones,Bruno Garcia 02 00000067
467,2026-01-25,1180,IVA acreditable,10875.68,0.00,Registro factura INV-00198,INV-00198,CC-100 Operaciones,Diego Luna 04 00000067
468,2026-06-20,5000,Gastos operativos,47906.00,0.00,Registro factura INV-00128,INV-00128,CC-100 Operaciones,Bruno Garcia 08 00000067
469,2026-01-11,5000,Gastos operativos,77982.00,0.00,Registro factura INV-00104,INV-00104,CC-100 Operaciones,Diego Luna 04 00000067
470,2026-02-19,1020,Bancos,0.00,28598.64,Pago factura INV-00081,INV-00081,CC-100 Operaciones,Bruno Garcia 02 00000067
471,2026-05-20,2100,Cuentas por pagar,23704.60,0.00,Pago factura INV-00277,INV-00277,CC-100 Operaciones,Bruno Garcia 02 00000067
472,2026-06-14,2100,Cuentas por pagar,0.00,16491.72,Registro factura INV-00094,INV-00094,CC-100 Operaciones,Bruno Garcia 08 00000067
473,2026-06-25,5000,Gastos operativos,47417.00,0.00,Registro factura INV-00250,INV-00250,CC-100 Operaciones,Carla Soto 09 00000067
474,2026-06-03,1180,IVA acreditable,13802.72,0.00,Registro factura INV-00273,INV-00273,CC-100 Operaciones,Carla Soto 09 00000067
475,2026-02-24,2100,Cuentas por pagar,105967.16,0.00,Pago factura INV-00271,INV-00271,CC-100 Operaciones,Bruno Garcia 02 00000067
476,2026-03-31,2100,Cuentas por pagar,0.00,33130.76,Registro factura INV-00063,INV-00063,CC-100 Operaciones,Elena Mora 05 00000067
477,2026-06-30,2100,Cuentas por pagar,34700.24,0.00,Pago factura INV-00120,INV-00120,CC-100 Operaciones,Bruno Garcia 02 00000067
478,2026-04-30,1020,Bancos,0.00,84642.88,Pago factura INV-00147,INV-00147,CC-100 Operaciones,Bruno Garcia 02 00000067
479,2026-04-07,2100,Cuentas por pagar,0.00,56191.56,Registro factura INV-00222,INV-00222,CC-100 Operaciones,Bruno Garcia 08 00000067
480,2026-04-21,2100,Cuentas por pagar,93624.76,0.00,Pago factura INV-00234,INV-00234,CC-100 Operaciones,Bruno Garcia 02 00000067
481,2026-06-21,2100,Cuentas por pagar,0.00,75586.76,Registro factura INV-00295,INV-00295,CC-100 Operaciones,Elena Mora 05 00000067
482,2026-06-13,5000,Gastos operativos,81570.00,0.00,Registro factura INV-00111,INV-00111,CC-100 Operaciones,Ana Ruiz 01 00000067
483,2026-06-14,5000,Gastos operativos,14217.00,0.00,Registro factura INV-00094,INV-00094,CC-100 Operaciones,Bruno Garcia 08 00000067
484,2026-06-24,5000,Gastos operativos,82496.00,0.00,Registro factura INV-00215,INV-00215,CC-100 Operaciones,Bruno Garcia 02 00000067
485,2026-04-15,5000,Gastos operativos,12374.00,0.00,Registro factura INV-00007,INV-00007,CC-100 Operaciones,Diego Luna 10 00000067
486,2026-05-21,5000,Gastos operativos,49745.00,0.00,Registro factura INV-00205,INV-00205,CC-100 Operaciones,Bruno Garcia 02 00000067
487,2026-02-04,1020,Bancos,0.00,78848.68,Pago factura INV-00198,INV-00198,CC-100 Operaciones,Bruno Garcia 02 00000067
488,2026-04-05,1180,IVA acreditable,12434.56,0.00,Registro factura INV-00124,INV-00124,CC-100 Operaciones,Fabian Rios 06 00000067
489,2026-04-09,1020,Bancos,46400.00,0.00,Reembolso proveedor INV-00173,INV-00173,CC-100 Operaciones,Bruno Garcia 02 00000067
490,2026-01-29,5000,Gastos operativos,88303.00,0.00,Registro factura INV-00372,INV-00372,CC-100 Operaciones,Bruno Garcia 02 00000067
491,2026-01-30,2100,Cuentas por pagar,0.00,85131.24,Registro factura INV-00326,INV-00326,CC-100 Operaciones,Carla Soto 09 00000067
492,2026-03-13,1180,IVA acreditable,5278.08,0.00,Registro factura INV-00002,INV-00002,CC-100 Operaciones,Ana Ruiz 07 00000067
493,2026-05-09,2100,Cuentas por pagar,19961.28,0.00,Pago factura INV-00065,INV-00065,CC-100 Operaciones,Bruno Garcia 02 00000067
494,2026-04-04,5000,Gastos operativos,33634.00,0.00,Registro factura INV-00231,INV-00231,CC-100 Operaciones,Ana Ruiz 01 00000067
495,2026-04-21,1180,IVA acreditable,6056.48,0.00,Registro factura INV-00303,INV-00303,CC-100 Operaciones,Bruno Garcia 02 00000067
496,2026-05-23,1020,Bancos,0.00,30337.48,Pago factura INV-00029,INV-00029,CC-100 Operaciones,Bruno Garcia 02 00000067
497,2026-02-08,2100,Cuentas por pagar,0.00,14392.12,Registro factura INV-00178,INV-00178,CC-100 Operaciones,Fabian Rios 06 00000067
498,2026-06-20,2100,Cuentas por pagar,97069.96,0.00,Pago factura INV-00243,INV-00243,CC-100 Operaciones,Bruno Garcia 02 00000067
499,2026-03-16,2100,Cuentas por pagar,100427.00,0.00,Pago factura INV-00052,INV-00052,CC-100 Operaciones,Bruno Garcia 02 00000067
500,2026-06-30,2100,Cuentas por pagar,75586.76,0.00,Pago factura INV-00295,INV-00295,CC-100 Operaciones,Bruno Garcia 02 00000067
501,2026-02-13,2100,Cuentas por pagar,0.00,42501.24,Registro factura INV-00319,INV-00319,CC-100 Operaciones,Carla Soto 09 00000067
502,2026-04-28,1180,IVA acreditable,6104.48,0.00,Registro factura INV-00069,INV-00069,CC-100 Operaciones,Elena Mora 05 00000067
503,2026-04-30,2100,Cuentas por pagar,95727.84,0.00,Pago factura INV-00032,INV-00032,CC-100 Operaciones,Bruno Garcia 02 00000067
504,2026-05-07,2100,Cuentas por pagar,92974.00,0.00,Pago factura INV-00098,INV-00098,CC-100 Operaciones,Bruno Garcia 02 00000067
505,2026-04-17,2100,Cuentas por pagar,56191.56,0.00,Pago factura INV-00222,INV-00222,CC-100 Operaciones,Bruno Garcia 02 00000067
506,2026-06-04,2100,Cuentas por pagar,0.00,61011.36,Registro factura INV-00245,INV-00245,CC-100 Operaciones,Diego Luna 04 00000067
507,2026-02-07,2100,Cuentas por pagar,49345.24,0.00,Pago factura INV-00241,INV-00241,CC-100 Operaciones,Bruno Garcia 02 00000067
508,2026-04-22,1020,Bancos,0.00,80582.88,Pago factura INV-00058,INV-00058,CC-100 Operaciones,Bruno Garcia 02 00000067
509,2026-05-04,2100,Cuentas por pagar,0.00,49790.68,Registro factura INV-00097,INV-00097,CC-100 Operaciones,Carla Soto 03 00000067
510,2026-05-02,5000,Gastos operativos,55303.00,0.00,Registro factura INV-00168,INV-00168,CC-100 Operaciones,Ana Ruiz 01 00000067
511,2026-05-20,2100,Cuentas por pagar,0.00,29127.60,Registro factura INV-00055,INV-00055,CC-100 Operaciones,Ana Ruiz 07 00000067
512,2026-06-18,1180,IVA acreditable,9142.56,0.00,Registro factura INV-00299,INV-00299,CC-100 Operaciones,Diego Luna 04 00000067
513,2026-03-07,1180,IVA acreditable,14922.40,0.00,Registro factura INV-00366,INV-00366,CC-100 Operaciones,Carla Soto 09 00000067
514,2026-04-09,5000,Gastos operativos,43680.00,0.00,Registro factura INV-00074,INV-00074,CC-100 Operaciones,Bruno Garcia 02 00000067
515,2026-01-05,5000,Gastos operativos,21804.00,0.00,Registro factura INV-00034,INV-00034,CC-100 Operaciones,Bruno Garcia 08 00000067
516,2026-02-25,1180,IVA acreditable,2689.92,0.00,Registro factura INV-00315,INV-00315,CC-100 Operaciones,Ana Ruiz 07 00000067
517,2026-06-15,1180,IVA acreditable,10809.76,0.00,Registro factura INV-00070,INV-00070,CC-100 Operaciones,Ana Ruiz 07 00000067
518,2026-03-06,2100,Cuentas por pagar,69714.84,0.00,Pago factura INV-00030,INV-00030,CC-100 Operaciones,Bruno Garcia 02 00000067
519,2026-02-26,1180,IVA acreditable,9556.80,0.00,Registro factura INV-00247,INV-00247,CC-100 Operaciones,Bruno Garcia 02 00000067
520,2026-06-22,2100,Cuentas por pagar,76022.92,0.00,Pago factura INV-00084,INV-00084,CC-100 Operaciones,Bruno Garcia 02 00000067
521,2026-04-17,1020,Bancos,0.00,49300.00,Pago factura INV-00013,INV-00013,CC-100 Operaciones,Bruno Garcia 02 00000067
522,2026-02-18,1020,Bancos,0.00,14392.12,Pago factura INV-00178,INV-00178,CC-100 Operaciones,Bruno Garcia 02 00000067
523,2026-02-23,5000,Gastos operativos,43431.00,0.00,Registro factura INV-00324,INV-00324,CC-100 Operaciones,Ana Ruiz 01 00000067
524,2026-06-09,1020,Bancos,0.00,29096.28,Pago factura INV-00364,INV-00364,CC-100 Operaciones,Bruno Garcia 02 00000067
525,2026-02-09,2100,Cuentas por pagar,0.00,67208.08,Registro factura INV-00375,INV-00375,CC-100 Operaciones,Carla Soto 03 00000067
526,2026-06-01,1180,IVA acreditable,9003.36,0.00,Registro factura INV-00236,INV-00236,CC-100 Operaciones,Elena Mora 05 00000067
527,2026-03-21,5000,Gastos operativos,87757.00,0.00,Registro factura INV-00346,INV-00346,CC-100 Operaciones,Ana Ruiz 01 00000067
528,2026-06-05,5000,Gastos operativos,35528.00,0.00,Registro factura INV-00221,INV-00221,CC-100 Operaciones,Ana Ruiz 01 00000067
529,2026-06-13,5000,Gastos operativos,75027.00,0.00,Registro factura INV-00285,INV-00285,CC-100 Operaciones,Carla Soto 03 00000067
530,2026-04-23,1020,Bancos,0.00,91370.88,Pago factura INV-00306,INV-00306,CC-100 Operaciones,Bruno Garcia 02 00000067
531,2026-01-28,2100,Cuentas por pagar,51239.52,0.00,Pago factura INV-00151,INV-00151,CC-100 Operaciones,Bruno Garcia 02 00000067
532,2026-04-03,1020,Bancos,0.00,80084.08,Pago factura INV-00158,INV-00158,CC-100 Operaciones,Bruno Garcia 02 00000067
533,2026-02-24,5000,Gastos operativos,60099.00,0.00,Registro factura INV-00030,INV-00030,CC-100 Operaciones,Diego Luna 10 00000067
534,2026-03-10,5000,Gastos operativos,92261.00,0.00,Registro factura INV-00223,INV-00223,CC-100 Operaciones,Diego Luna 10 00000067
535,2026-02-14,1020,Bancos,0.00,28442.04,Pago factura INV-00115,INV-00115,CC-100 Operaciones,Bruno Garcia 02 00000067
536,2026-01-05,1180,IVA acreditable,6896.00,0.00,Registro factura INV-00330,INV-00330,CC-100 Operaciones,Diego Luna 04 00000067
537,2026-03-09,2100,Cuentas por pagar,32195.80,0.00,Pago factura INV-00314,INV-00314,CC-100 Operaciones,Bruno Garcia 02 00000067
538,2026-04-18,1020,Bancos,0.00,49300.00,Pago factura INV-00023,INV-00023,CC-100 Operaciones,Bruno Garcia 02 00000067
539,2026-05-07,5000,Gastos operativos,69954.00,0.00,Registro factura INV-00228,INV-00228,CC-100 Operaciones,Bruno Garcia 02 00000067
540,2026-03-11,1180,IVA acreditable,5300.80,0.00,Registro factura INV-00287,INV-00287,CC-100 Operaciones,Elena Mora 05 00000067
541,2026-06-27,1180,IVA acreditable,8759.52,0.00,Registro factura INV-00246,INV-00246,CC-100 Operaciones,Carla Soto 03 00000067
542,2026-06-30,1020,Bancos,0.00,55003.72,Pago factura INV-00250,INV-00250,CC-100 Operaciones,Bruno Garcia 02 00000067
543,2026-06-30,1020,Bancos,0.00,87825.92,Pago factura INV-00359,INV-00359,CC-100 Operaciones,Bruno Garcia 02 00000067
544,2026-05-05,1020,Bancos,0.00,44782.96,Pago factura INV-00362,INV-00362,CC-100 Operaciones,Bruno Garcia 02 00000067
545,2026-04-12,5000,Gastos operativos,69468.00,0.00,Registro factura INV-00058,INV-00058,CC-100 Operaciones,Ana Ruiz 01 00000067
546,2026-04-26,2100,Cuentas por pagar,0.00,95626.92,Registro factura INV-00134,INV-00134,CC-100 Operaciones,Carla Soto 03 00000067
547,2026-05-17,2100,Cuentas por pagar,0.00,24704.52,Registro factura INV-00268,INV-00268,CC-100 Operaciones,Bruno Garcia 08 00000067
548,2026-02-12,1050,Cuentas por cobrar,62925.36,0.00,Registro venta INV-00102,INV-00102,CC-100 Operaciones,Bruno Garcia 02 00000067
549,2026-06-23,1020,Bancos,0.00,94621.20,Pago factura INV-00111,INV-00111,CC-100 Operaciones,Bruno Garcia 02 00000067
550,2026-01-21,2100,Cuentas por pagar,26100.00,0.00,Reversion de factura cancelada INV-00187,INV-00187,CC-100 Operaciones,Bruno Garcia 02 00000067
551,2026-05-01,2100,Cuentas por pagar,0.00,22135.12,Registro factura INV-00026,INV-00026,CC-100 Operaciones,Diego Luna 04 00000067
552,2026-06-13,1020,Bancos,0.00,96675.56,Pago factura INV-00132,INV-00132,CC-100 Operaciones,Bruno Garcia 02 00000067
553,2026-01-27,2100,Cuentas por pagar,0.00,45896.56,Registro factura INV-00225,INV-00225,CC-100 Operaciones,Diego Luna 10 00000067
554,2026-06-03,2100,Cuentas por pagar,0.00,96675.56,Registro factura INV-00132,INV-00132,CC-100 Operaciones,Ana Ruiz 07 00000067
555,2026-06-06,1020,Bancos,0.00,36716.32,Pago factura INV-00351,INV-00351,CC-100 Operaciones,Bruno Garcia 02 00000067
556,2026-06-02,1020,Bancos,0.00,21588.76,Pago factura INV-00350,INV-00350,CC-100 Operaciones,Bruno Garcia 02 00000067
557,2026-04-13,1180,IVA acreditable,12602.88,0.00,Registro factura INV-00306,INV-00306,CC-100 Operaciones,Diego Luna 10 00000067
558,2026-02-11,2080,IVA trasladado,0.00,8623.36,Registro venta INV-00313,INV-00313,CC-100 Operaciones,Bruno Garcia 02 00000067
559,2026-04-17,1180,IVA acreditable,4214.72,0.00,Registro factura INV-00376,INV-00376,CC-100 Operaciones,Diego Luna 04 00000067
560,2026-03-26,1180,IVA acreditable,14770.88,0.00,Registro factura INV-00264,INV-00264,CC-100 Operaciones,Bruno Garcia 02 00000067
561,2026-02-24,2100,Cuentas por pagar,0.00,69714.84,Registro factura INV-00030,INV-00030,CC-100 Operaciones,Diego Luna 10 00000067
562,2026-05-09,1020,Bancos,0.00,77884.72,Pago factura INV-00259,INV-00259,CC-100 Operaciones,Bruno Garcia 02 00000067
563,2026-03-10,2100,Cuentas por pagar,0.00,107022.76,Registro factura INV-00223,INV-00223,CC-100 Operaciones,Diego Luna 10 00000067
564,2026-05-31,1020,Bancos,0.00,57704.20,Pago factura INV-00205,INV-00205,CC-100 Operaciones,Bruno Garcia 02 00000067
565,2026-06-05,2100,Cuentas por pagar,0.00,41212.48,Registro factura INV-00221,INV-00221,CC-100 Operaciones,Ana Ruiz 01 00000067
566,2026-01-29,2100,Cuentas por pagar,0.00,102431.48,Registro factura INV-00372,INV-00372,CC-100 Operaciones,Bruno Garcia 02 00000067
567,2026-04-07,5000,Gastos operativos,94133.00,0.00,Registro factura INV-00043,INV-00043,CC-100 Operaciones,Diego Luna 10 00000067
568,2026-04-16,5000,Gastos operativos,62785.00,0.00,Registro factura INV-00010,INV-00010,CC-100 Operaciones,Ana Ruiz 07 00000067
569,2026-06-23,1180,IVA acreditable,11903.84,0.00,Registro factura INV-00283,INV-00283,CC-100 Operaciones,Ana Ruiz 07 00000067
570,2026-03-03,1180,IVA acreditable,14267.04,0.00,Registro factura INV-00265,INV-00265,CC-100 Operaciones,Elena Mora 05 00000067
571,2026-04-25,1020,Bancos,0.00,14353.84,Pago factura INV-00007,INV-00007,CC-100 Operaciones,Bruno Garcia 02 00000067
572,2026-02-02,2100,Cuentas por pagar,0.00,83989.80,Registro factura INV-00353,INV-00353,CC-100 Operaciones,Fabian Rios 06 00000067
573,2026-02-05,5000,Gastos operativos,21804.00,0.00,Registro factura INV-00142,INV-00142,CC-100 Operaciones,Carla Soto 09 00000067
574,2026-01-17,1180,IVA acreditable,14945.28,0.00,Registro factura INV-00048,INV-00048,CC-100 Operaciones,Diego Luna 04 00000067
575,2026-02-18,2100,Cuentas por pagar,0.00,21363.72,Registro factura INV-00075,INV-00075,CC-100 Operaciones,Bruno Garcia 02 00000067
576,2026-02-04,5000,Gastos operativos,55515.00,0.00,Registro factura INV-00095,INV-00095,CC-100 Operaciones,Diego Luna 10 00000067
577,2026-03-30,1020,Bancos,0.00,74843.20,Pago factura INV-00054,INV-00054,CC-100 Operaciones,Bruno Garcia 02 00000067
578,2026-03-16,1020,Bancos,0.00,80709.32,Pago factura INV-00272,INV-00272,CC-100 Operaciones,Bruno Garcia 02 00000067
579,2026-01-25,2100,Cuentas por pagar,0.00,79892.68,Registro factura INV-00210,INV-00210,CC-100 Operaciones,Fabian Rios 06 00000067
580,2026-05-19,1020,Bancos,0.00,86877.04,Pago factura INV-00292,INV-00292,CC-100 Operaciones,Bruno Garcia 02 00000067
581,2026-03-15,2100,Cuentas por pagar,51396.12,0.00,Pago factura INV-00092,INV-00092,CC-100 Operaciones,Bruno Garcia 02 00000067
582,2026-03-13,2100,Cuentas por pagar,60127.44,0.00,Pago factura INV-00211,INV-00211,CC-100 Operaciones,Bruno Garcia 02 00000067
583,2026-04-17,1020,Bancos,0.00,109194.28,Pago factura INV-00043,INV-00043,CC-100 Operaciones,Bruno Garcia 02 00000067
584,2026-05-24,1020,Bancos,0.00,83602.36,Pago factura INV-00239,INV-00239,CC-100 Operaciones,Bruno Garcia 02 00000067
585,2026-01-26,2100,Cuentas por pagar,107700.20,0.00,Pago factura INV-00087,INV-00087,CC-100 Operaciones,Bruno Garcia 02 00000067
586,2026-02-26,5000,Gastos operativos,59730.00,0.00,Registro factura INV-00247,INV-00247,CC-100 Operaciones,Bruno Garcia 02 00000067
587,2026-01-26,2100,Cuentas por pagar,0.00,14203.04,Registro factura INV-00156,INV-00156,CC-100 Operaciones,Carla Soto 03 00000067
588,2026-03-12,1020,Bancos,0.00,47430.08,Pago factura INV-00080,INV-00080,CC-100 Operaciones,Bruno Garcia 02 00000067
589,2026-06-13,2100,Cuentas por pagar,96675.56,0.00,Pago factura INV-00132,INV-00132,CC-100 Operaciones,Bruno Garcia 02 00000067
590,2026-06-28,1180,IVA acreditable,13269.76,0.00,Registro factura INV-00208,INV-00208,CC-100 Operaciones,Diego Luna 10 00000067
591,2026-02-28,1180,IVA acreditable,6638.08,0.00,Registro factura INV-00051,INV-00051,CC-100 Operaciones,Diego Luna 04 00000067
592,2026-04-06,2100,Cuentas por pagar,0.00,44142.64,Registro factura INV-00191,INV-00191,CC-100 Operaciones,Carla Soto 03 00000067
593,2026-03-21,2100,Cuentas por pagar,0.00,23493.48,Registro factura INV-00262,INV-00262,CC-100 Operaciones,Carla Soto 09 00000067
594,2026-03-20,5000,Gastos operativos,64520.00,0.00,Registro factura INV-00054,INV-00054,CC-100 Operaciones,Bruno Garcia 02 00000067
595,2026-04-15,2100,Cuentas por pagar,23722.00,0.00,Pago factura INV-00304,INV-00304,CC-100 Operaciones,Bruno Garcia 02 00000067
596,2026-04-04,1180,IVA acreditable,13681.44,0.00,Registro factura INV-00182,INV-00182,CC-100 Operaciones,Carla Soto 09 00000067
597,2026-04-19,2100,Cuentas por pagar,19012.40,0.00,Pago factura INV-00086,INV-00086,CC-100 Operaciones,Bruno Garcia 02 00000067
598,2026-05-16,5000,Gastos operativos,57393.00,0.00,Registro factura INV-00136,INV-00136,CC-100 Operaciones,Ana Ruiz 01 00000067
599,2026-05-20,1180,IVA acreditable,4017.60,0.00,Registro factura INV-00055,INV-00055,CC-100 Operaciones,Ana Ruiz 07 00000067
600,2026-03-12,1020,Bancos,0.00,14233.20,Pago factura INV-00365,INV-00365,CC-100 Operaciones,Bruno Garcia 02 00000067
601,2026-03-12,1180,IVA acreditable,8576.32,0.00,Registro factura INV-00219,INV-00219,CC-100 Operaciones,Bruno Garcia 02 00000067
602,2026-05-11,1020,Bancos,0.00,22135.12,Pago factura INV-00026,INV-00026,CC-100 Operaciones,Bruno Garcia 02 00000067
603,2026-03-20,2100,Cuentas por pagar,0.00,108629.36,Registro factura INV-00053,INV-00053,CC-100 Operaciones,Diego Luna 04 00000067
604,2026-03-03,2100,Cuentas por pagar,0.00,60127.44,Registro factura INV-00211,INV-00211,CC-100 Operaciones,Carla Soto 03 00000067
605,2026-06-30,2100,Cuentas por pagar,21586.44,0.00,Pago factura INV-00162,INV-00162,CC-100 Operaciones,Bruno Garcia 02 00000067
606,2026-06-21,1020,Bancos,0.00,98124.40,Pago factura INV-00127,INV-00127,CC-100 Operaciones,Bruno Garcia 02 00000067
607,2026-06-25,1020,Bancos,0.00,78370.76,Pago factura INV-00070,INV-00070,CC-100 Operaciones,Bruno Garcia 02 00000067
608,2026-02-14,1180,IVA acreditable,4959.36,0.00,Registro factura INV-00056,INV-00056,CC-100 Operaciones,Fabian Rios 06 00000067
609,2026-05-10,1020,Bancos,0.00,60260.84,Pago factura INV-00232,INV-00232,CC-100 Operaciones,Bruno Garcia 02 00000067
610,2026-05-30,5000,Gastos operativos,25083.00,0.00,Registro factura INV-00364,INV-00364,CC-100 Operaciones,Ana Ruiz 01 00000067
611,2026-03-24,2100,Cuentas por pagar,0.00,75937.08,Registro factura INV-00172,INV-00172,CC-100 Operaciones,Diego Luna 10 00000067
612,2026-03-02,1020,Bancos,0.00,87158.92,Pago factura INV-00073,INV-00073,CC-100 Operaciones,Bruno Garcia 02 00000067
613,2026-06-25,1180,IVA acreditable,14822.56,0.00,Registro factura INV-00274,INV-00274,CC-100 Operaciones,Ana Ruiz 01 00000067
614,2026-06-29,2100,Cuentas por pagar,0.00,82799.64,Registro factura INV-00082,INV-00082,CC-100 Operaciones,Ana Ruiz 07 00000067
615,2026-02-22,5000,Gastos operativos,90165.00,0.00,Registro factura INV-00028,INV-00028,CC-100 Operaciones,Diego Luna 04 00000067
616,2026-04-17,2100,Cuentas por pagar,109194.28,0.00,Pago factura INV-00043,INV-00043,CC-100 Operaciones,Bruno Garcia 02 00000067
617,2026-04-14,2100,Cuentas por pagar,0.00,99035.00,Registro factura INV-00238,INV-00238,CC-100 Operaciones,Elena Mora 05 00000067
618,2026-06-30,2100,Cuentas por pagar,87825.92,0.00,Pago factura INV-00359,INV-00359,CC-100 Operaciones,Bruno Garcia 02 00000067
619,2026-04-12,2100,Cuentas por pagar,0.00,80582.88,Registro factura INV-00058,INV-00058,CC-100 Operaciones,Ana Ruiz 01 00000067
620,2026-03-27,2100,Cuentas por pagar,104438.28,0.00,Pago factura INV-00150,INV-00150,CC-100 Operaciones,Bruno Garcia 02 00000067
621,2026-06-03,1020,Bancos,0.00,86183.36,Pago factura INV-00270,INV-00270,CC-100 Operaciones,Bruno Garcia 02 00000067
622,2026-05-02,2100,Cuentas por pagar,65179.24,0.00,Pago factura INV-00373,INV-00373,CC-100 Operaciones,Bruno Garcia 02 00000067
623,2026-02-13,1180,IVA acreditable,5862.24,0.00,Registro factura INV-00319,INV-00319,CC-100 Operaciones,Carla Soto 09 00000067
624,2026-03-08,5000,Gastos operativos,15904.00,0.00,Registro factura INV-00061,INV-00061,CC-100 Operaciones,Fabian Rios 06 00000067
625,2026-06-16,5000,Gastos operativos,25175.00,0.00,Registro factura INV-00146,INV-00146,CC-100 Operaciones,Bruno Garcia 02 00000067
626,2026-05-09,2100,Cuentas por pagar,0.00,86877.04,Registro factura INV-00292,INV-00292,CC-100 Operaciones,Fabian Rios 06 00000067
627,2026-02-06,2100,Cuentas por pagar,0.00,60175.00,Registro factura INV-00349,INV-00349,CC-100 Operaciones,Bruno Garcia 02 00000067
628,2026-06-30,1020,Bancos,0.00,100494.28,Pago factura INV-00044,INV-00044,CC-100 Operaciones,Bruno Garcia 02 00000067
629,2026-03-02,1180,IVA acreditable,9428.16,0.00,Registro factura INV-00345,INV-00345,CC-100 Operaciones,Fabian Rios 06 00000067
630,2026-02-27,1180,IVA acreditable,11211.04,0.00,Registro factura INV-00369,INV-00369,CC-100 Operaciones,Carla Soto 09 00000067
631,2026-03-14,2100,Cuentas por pagar,0.00,54297.28,Registro factura INV-00131,INV-00131,CC-100 Operaciones,Fabian Rios 06 00000067
632,2026-05-07,2100,Cuentas por pagar,0.00,35673.48,Registro factura INV-00079,INV-00079,CC-100 Operaciones,Diego Luna 04 00000067
633,2026-03-04,2100,Cuentas por pagar,104591.40,0.00,Pago factura INV-00028,INV-00028,CC-100 Operaciones,Bruno Garcia 02 00000067
634,2026-02-08,1050,Cuentas por cobrar,0.00,44080.00,Cobro factura INV-00112,INV-00112,CC-100 Operaciones,Bruno Garcia 02 00000067
635,2026-04-09,1180,IVA acreditable,0.00,6400.00,Reembolso proveedor INV-00173,INV-00173,CC-100 Operaciones,Bruno Garcia 02 00000067
636,2026-02-13,1020,Bancos,0.00,57377.08,Pago factura INV-00235,INV-00235,CC-100 Operaciones,Bruno Garcia 02 00000067
637,2026-04-24,2100,Cuentas por pagar,99035.00,0.00,Pago factura INV-00238,INV-00238,CC-100 Operaciones,Bruno Garcia 02 00000067
638,2026-03-09,2100,Cuentas por pagar,50767.40,0.00,Pago factura INV-00109,INV-00109,CC-100 Operaciones,Bruno Garcia 02 00000067
639,2026-06-02,5000,Gastos operativos,59737.00,0.00,Registro factura INV-00340,INV-00340,CC-100 Operaciones,Bruno Garcia 02 00000067
640,2026-02-15,1020,Bancos,0.00,45024.24,Pago factura INV-00267,INV-00267,CC-100 Operaciones,Bruno Garcia 02 00000067
641,2026-01-24,2100,Cuentas por pagar,0.00,32623.84,Registro factura INV-00301,INV-00301,CC-100 Operaciones,Ana Ruiz 07 00000067
642,2026-02-01,2100,Cuentas por pagar,51433.24,0.00,Pago factura INV-00155,INV-00155,CC-100 Operaciones,Bruno Garcia 02 00000067
643,2026-02-01,1180,IVA acreditable,5360.80,0.00,Registro factura INV-00288,INV-00288,CC-100 Operaciones,Carla Soto 09 00000067
644,2026-05-12,5000,Gastos operativos,70567.00,0.00,Registro factura INV-00101,INV-00101,CC-100 Operaciones,Elena Mora 05 00000067
645,2026-06-02,2100,Cuentas por pagar,21588.76,0.00,Pago factura INV-00350,INV-00350,CC-100 Operaciones,Bruno Garcia 02 00000067
646,2026-03-04,1020,Bancos,0.00,104591.40,Pago factura INV-00028,INV-00028,CC-100 Operaciones,Bruno Garcia 02 00000067
647,2026-06-17,1020,Bancos,0.00,58887.40,Pago factura INV-00199,INV-00199,CC-100 Operaciones,Bruno Garcia 02 00000067
648,2026-04-24,5000,Gastos operativos,46130.00,0.00,Registro factura INV-00161,INV-00161,CC-100 Operaciones,Ana Ruiz 01 00000067
649,2026-05-14,1020,Bancos,0.00,71534.88,Pago factura INV-00341,INV-00341,CC-100 Operaciones,Bruno Garcia 02 00000067
650,2026-02-09,5000,Gastos operativos,24654.00,0.00,Registro factura INV-00081,INV-00081,CC-100 Operaciones,Ana Ruiz 01 00000067
651,2026-06-12,2100,Cuentas por pagar,0.00,76022.92,Registro factura INV-00084,INV-00084,CC-100 Operaciones,Fabian Rios 06 00000067
652,2026-04-19,1180,IVA acreditable,7346.24,0.00,Registro factura INV-00008,INV-00008,CC-100 Operaciones,Fabian Rios 06 00000067
653,2026-06-24,2100,Cuentas por pagar,0.00,95695.36,Registro factura INV-00215,INV-00215,CC-100 Operaciones,Bruno Garcia 02 00000067
654,2026-02-20,2100,Cuentas por pagar,0.00,73508.04,Registro factura INV-00331,INV-00331,CC-100 Operaciones,Diego Luna 04 00000067
655,2026-03-18,1020,Bancos,0.00,18448.64,Pago factura INV-00061,INV-00061,CC-100 Operaciones,Bruno Garcia 02 00000067
656,2026-06-06,2100,Cuentas por pagar,36716.32,0.00,Pago factura INV-00351,INV-00351,CC-100 Operaciones,Bruno Garcia 02 00000067
657,2026-03-17,5000,Gastos operativos,90033.00,0.00,Registro factura INV-00150,INV-00150,CC-100 Operaciones,Elena Mora 05 00000067
658,2026-04-27,2100,Cuentas por pagar,0.00,92974.00,Registro factura INV-00098,INV-00098,CC-100 Operaciones,Bruno Garcia 08 00000067
659,2026-06-17,1180,IVA acreditable,2224.16,0.00,Registro factura INV-00175,INV-00175,CC-100 Operaciones,Carla Soto 09 00000067
660,2026-01-25,2100,Cuentas por pagar,36147.92,0.00,Pago factura INV-00256,INV-00256,CC-100 Operaciones,Bruno Garcia 02 00000067
661,2026-06-06,1020,Bancos,0.00,21520.32,Pago factura INV-00309,INV-00309,CC-100 Operaciones,Bruno Garcia 02 00000067
662,2026-05-12,2100,Cuentas por pagar,29997.60,0.00,Pago factura INV-00085,INV-00085,CC-100 Operaciones,Bruno Garcia 02 00000067
663,2026-01-28,1020,Bancos,0.00,73234.28,Pago factura INV-00012,INV-00012,CC-100 Operaciones,Bruno Garcia 02 00000067
664,2026-06-26,1180,IVA acreditable,13861.28,0.00,Registro factura INV-00044,INV-00044,CC-100 Operaciones,Fabian Rios 06 00000067
665,2026-02-05,5000,Gastos operativos,20450.00,0.00,Registro factura INV-00129,INV-00129,CC-100 Operaciones,Carla Soto 03 00000067
666,2026-02-06,5000,Gastos operativos,45456.00,0.00,Registro factura INV-00298,INV-00298,CC-100 Operaciones,Diego Luna 04 00000067
667,2026-01-16,2100,Cuentas por pagar,0.00,107700.20,Registro factura INV-00087,INV-00087,CC-100 Operaciones,Ana Ruiz 07 00000067
668,2026-01-12,1180,IVA acreditable,12057.12,0.00,Registro factura INV-00336,INV-00336,CC-100 Operaciones,Ana Ruiz 01 00000067
669,2026-04-06,2100,Cuentas por pagar,0.00,49300.00,Registro factura INV-00021,INV-00021,CC-100 Operaciones,Bruno Garcia 08 00000067
670,2026-03-07,5000,Gastos operativos,39702.00,0.00,Registro factura INV-00167,INV-00167,CC-100 Operaciones,Ana Ruiz 01 00000067
671,2026-01-30,1180,IVA acreditable,14966.56,0.00,Registro factura INV-00009,INV-00009,CC-100 Operaciones,Ana Ruiz 07 00000067
672,2026-06-20,2100,Cuentas por pagar,0.00,55570.96,Registro factura INV-00128,INV-00128,CC-100 Operaciones,Bruno Garcia 08 00000067
673,2026-01-14,2100,Cuentas por pagar,0.00,17212.08,Registro factura INV-00280,INV-00280,CC-100 Operaciones,Carla Soto 03 00000067
674,2026-06-26,1020,Bancos,0.00,92867.28,Pago factura INV-00218,INV-00218,CC-100 Operaciones,Bruno Garcia 02 00000067
675,2026-05-31,5000,Gastos operativos,62346.00,0.00,Registro factura INV-00022,INV-00022,CC-100 Operaciones,Diego Luna 10 00000067
676,2026-02-21,1180,IVA acreditable,14486.56,0.00,Registro factura INV-00318,INV-00318,CC-100 Operaciones,Carla Soto 09 00000067
677,2026-03-09,2100,Cuentas por pagar,0.00,47127.32,Registro factura INV-00279,INV-00279,CC-100 Operaciones,Carla Soto 03 00000067
678,2026-02-05,1180,IVA acreditable,6210.24,0.00,Registro factura INV-00267,INV-00267,CC-100 Operaciones,Ana Ruiz 07 00000067
679,2026-02-07,5000,Gastos operativos,64875.00,0.00,Registro factura INV-00179,INV-00179,CC-100 Operaciones,Ana Ruiz 01 00000067
680,2026-06-13,2100,Cuentas por pagar,100069.72,0.00,Pago factura INV-00273,INV-00273,CC-100 Operaciones,Bruno Garcia 02 00000067
681,2026-06-16,1020,Bancos,0.00,18975.28,Pago factura INV-00254,INV-00254,CC-100 Operaciones,Bruno Garcia 02 00000067
682,2026-06-21,5000,Gastos operativos,21751.00,0.00,Registro factura INV-00216,INV-00216,CC-100 Operaciones,Carla Soto 03 00000067
683,2026-02-12,2100,Cuentas por pagar,96897.12,0.00,Pago factura INV-00300,INV-00300,CC-100 Operaciones,Bruno Garcia 02 00000067
684,2026-03-01,1020,Bancos,0.00,37776.56,Pago factura INV-00133,INV-00133,CC-100 Operaciones,Bruno Garcia 02 00000067
685,2026-03-18,2100,Cuentas por pagar,18448.64,0.00,Pago factura INV-00061,INV-00061,CC-100 Operaciones,Bruno Garcia 02 00000067
686,2026-02-18,2100,Cuentas por pagar,0.00,18326.84,Registro factura INV-00154,INV-00154,CC-100 Operaciones,Diego Luna 10 00000067
687,2026-06-30,1020,Bancos,0.00,34700.24,Pago factura INV-00120,INV-00120,CC-100 Operaciones,Bruno Garcia 02 00000067
688,2026-05-29,1020,Bancos,0.00,55400.44,Pago factura INV-00374,INV-00374,CC-100 Operaciones,Bruno Garcia 02 00000067
689,2026-03-31,2100,Cuentas por pagar,101798.12,0.00,Pago factura INV-00346,INV-00346,CC-100 Operaciones,Bruno Garcia 02 00000067
690,2026-06-09,5000,Gastos operativos,15410.00,0.00,Registro factura INV-00370,INV-00370,CC-100 Operaciones,Elena Mora 05 00000067
691,2026-02-16,1180,IVA acreditable,2422.72,0.00,Registro factura INV-00038,INV-00038,CC-100 Operaciones,Bruno Garcia 08 00000067
692,2026-01-22,1020,Bancos,0.00,15003.44,Pago factura INV-00291,INV-00291,CC-100 Operaciones,Bruno Garcia 02 00000067
693,2026-02-01,1020,Bancos,0.00,51433.24,Pago factura INV-00155,INV-00155,CC-100 Operaciones,Bruno Garcia 02 00000067
694,2026-02-10,2100,Cuentas por pagar,0.00,68485.24,Registro factura INV-00163,INV-00163,CC-100 Operaciones,Bruno Garcia 08 00000067
695,2026-06-02,2100,Cuentas por pagar,105152.84,0.00,Pago factura INV-00284,INV-00284,CC-100 Operaciones,Bruno Garcia 02 00000067
696,2026-05-03,1020,Bancos,0.00,69380.76,Pago factura INV-00249,INV-00249,CC-100 Operaciones,Bruno Garcia 02 00000067
697,2026-05-19,5000,Gastos operativos,16855.00,0.00,Registro factura INV-00204,INV-00204,CC-100 Operaciones,Diego Luna 10 00000067
698,2026-02-08,2100,Cuentas por pagar,61670.24,0.00,Pago factura INV-00194,INV-00194,CC-100 Operaciones,Bruno Garcia 02 00000067
699,2026-04-20,1180,IVA acreditable,11674.88,0.00,Registro factura INV-00147,INV-00147,CC-100 Operaciones,Elena Mora 05 00000067
700,2026-05-30,2100,Cuentas por pagar,0.00,77461.32,Registro factura INV-00352,INV-00352,CC-100 Operaciones,Carla Soto 03 00000067
701,2026-03-20,1180,IVA acreditable,10323.20,0.00,Registro factura INV-00054,INV-00054,CC-100 Operaciones,Bruno Garcia 02 00000067
702,2026-02-17,1180,IVA acreditable,13103.68,0.00,Registro factura INV-00184,INV-00184,CC-100 Operaciones,Ana Ruiz 01 00000067
703,2026-03-27,5000,Gastos operativos,93476.00,0.00,Registro factura INV-00360,INV-00360,CC-100 Operaciones,Ana Ruiz 07 00000067
704,2026-03-23,1020,Bancos,0.00,19998.40,Pago factura INV-00166,INV-00166,CC-100 Operaciones,Bruno Garcia 02 00000067
705,2026-02-20,2100,Cuentas por pagar,0.00,87158.92,Registro factura INV-00073,INV-00073,CC-100 Operaciones,Bruno Garcia 02 00000067
706,2026-02-06,1020,Bancos,0.00,45896.56,Pago factura INV-00225,INV-00225,CC-100 Operaciones,Bruno Garcia 02 00000067
707,2026-03-18,1180,IVA acreditable,8023.36,0.00,Registro factura INV-00317,INV-00317,CC-100 Operaciones,Diego Luna 10 00000067
708,2026-05-03,5000,Gastos operativos,81021.00,0.00,Registro factura INV-00356,INV-00356,CC-100 Operaciones,Fabian Rios 06 00000067
709,2026-02-26,2100,Cuentas por pagar,17564.72,0.00,Pago factura INV-00038,INV-00038,CC-100 Operaciones,Bruno Garcia 02 00000067
710,2026-04-07,2100,Cuentas por pagar,0.00,49300.00,Registro factura INV-00013,INV-00013,CC-100 Operaciones,Bruno Garcia 08 00000067
711,2026-02-13,1180,IVA acreditable,4500.48,0.00,Registro factura INV-00290,INV-00290,CC-100 Operaciones,Ana Ruiz 07 00000067
712,2026-03-27,2100,Cuentas por pagar,0.00,108432.16,Registro factura INV-00360,INV-00360,CC-100 Operaciones,Ana Ruiz 07 00000067
713,2026-05-18,1020,Bancos,0.00,68645.32,Pago factura INV-00367,INV-00367,CC-100 Operaciones,Bruno Garcia 02 00000067
714,2026-05-30,1180,IVA acreditable,10684.32,0.00,Registro factura INV-00352,INV-00352,CC-100 Operaciones,Carla Soto 03 00000067
715,2026-02-07,2100,Cuentas por pagar,0.00,75255.00,Registro factura INV-00179,INV-00179,CC-100 Operaciones,Ana Ruiz 01 00000067
716,2026-02-09,2100,Cuentas por pagar,85131.24,0.00,Pago factura INV-00326,INV-00326,CC-100 Operaciones,Bruno Garcia 02 00000067
717,2026-06-25,2100,Cuentas por pagar,0.00,55003.72,Registro factura INV-00250,INV-00250,CC-100 Operaciones,Carla Soto 09 00000067
718,2026-03-03,1020,Bancos,0.00,48249.04,Pago factura INV-00286,INV-00286,CC-100 Operaciones,Bruno Garcia 02 00000067
719,2026-04-17,1180,IVA acreditable,13860.32,0.00,Registro factura INV-00004,INV-00004,CC-100 Operaciones,Fabian Rios 06 00000067
720,2026-02-06,2100,Cuentas por pagar,45896.56,0.00,Pago factura INV-00225,INV-00225,CC-100 Operaciones,Bruno Garcia 02 00000067
721,2026-02-27,1020,Bancos,0.00,22760.36,Pago factura INV-00338,INV-00338,CC-100 Operaciones,Bruno Garcia 02 00000067
722,2026-06-12,2100,Cuentas por pagar,0.00,37943.60,Registro factura INV-00164,INV-00164,CC-100 Operaciones,Diego Luna 04 00000067
723,2026-02-13,2100,Cuentas por pagar,69305.36,0.00,Pago factura INV-00258,INV-00258,CC-100 Operaciones,Bruno Garcia 02 00000067
724,2026-02-25,2100,Cuentas por pagar,0.00,60802.56,Registro factura INV-00121,INV-00121,CC-100 Operaciones,Elena Mora 05 00000067
725,2026-03-26,1020,Bancos,0.00,23280.04,Pago factura INV-00068,INV-00068,CC-100 Operaciones,Bruno Garcia 02 00000067
726,2026-01-31,2100,Cuentas por pagar,0.00,89394.24,Registro factura INV-00316,INV-00316,CC-100 Operaciones,Diego Luna 04 00000067
727,2026-05-21,1180,IVA acreditable,11511.04,0.00,Registro factura INV-00126,INV-00126,CC-100 Operaciones,Diego Luna 04 00000067
728,2026-06-15,5000,Gastos operativos,67561.00,0.00,Registro factura INV-00070,INV-00070,CC-100 Operaciones,Ana Ruiz 07 00000067
729,2026-05-05,1180,IVA acreditable,12464.00,0.00,Registro factura INV-00149,INV-00149,CC-100 Operaciones,Diego Luna 10 00000067
730,2026-01-12,1020,Bancos,0.00,29997.60,Pago factura INV-00330,INV-00330,CC-100 Operaciones,Bruno Garcia 02 00000067
731,2026-05-04,1020,Bancos,0.00,53510.80,Pago factura INV-00161,INV-00161,CC-100 Operaciones,Bruno Garcia 02 00000067
732,2026-04-07,1020,Bancos,0.00,74133.28,Pago factura INV-00062,INV-00062,CC-100 Operaciones,Bruno Garcia 02 00000067
733,2026-02-16,1020,Bancos,0.00,52728.96,Pago factura INV-00298,INV-00298,CC-100 Operaciones,Bruno Garcia 02 00000067
734,2026-06-17,2100,Cuentas por pagar,0.00,16125.16,Registro factura INV-00175,INV-00175,CC-100 Operaciones,Carla Soto 09 00000067
735,2026-03-04,1020,Bancos,0.00,90053.12,Pago factura INV-00105,INV-00105,CC-100 Operaciones,Bruno Garcia 02 00000067
736,2026-05-30,2100,Cuentas por pagar,29127.60,0.00,Pago factura INV-00055,INV-00055,CC-100 Operaciones,Bruno Garcia 02 00000067
737,2026-04-01,2100,Cuentas por pagar,0.00,27597.56,Registro factura INV-00333,INV-00333,CC-100 Operaciones,Bruno Garcia 02 00000067
738,2026-01-14,1180,IVA acreditable,3028.96,0.00,Registro factura INV-00145,INV-00145,CC-100 Operaciones,Elena Mora 05 00000067
739,2026-03-12,1180,IVA acreditable,14539.04,0.00,Registro factura INV-00148,INV-00148,CC-100 Operaciones,Diego Luna 04 00000067
740,2026-05-22,1020,Bancos,0.00,81857.72,Pago factura INV-00101,INV-00101,CC-100 Operaciones,Bruno Garcia 02 00000067
741,2026-06-03,2100,Cuentas por pagar,19936.92,0.00,Pago factura INV-00201,INV-00201,CC-100 Operaciones,Bruno Garcia 02 00000067
742,2026-05-08,1020,Bancos,0.00,44257.48,Pago factura INV-00069,INV-00069,CC-100 Operaciones,Bruno Garcia 02 00000067
743,2026-06-30,1020,Bancos,0.00,80737.16,Pago factura INV-00230,INV-00230,CC-100 Operaciones,Bruno Garcia 02 00000067
744,2026-03-09,5000,Gastos operativos,40627.00,0.00,Registro factura INV-00279,INV-00279,CC-100 Operaciones,Carla Soto 03 00000067
745,2026-06-21,2100,Cuentas por pagar,98124.40,0.00,Pago factura INV-00127,INV-00127,CC-100 Operaciones,Bruno Garcia 02 00000067
746,2026-02-05,5000,Gastos operativos,38814.00,0.00,Registro factura INV-00267,INV-00267,CC-100 Operaciones,Ana Ruiz 07 00000067
747,2026-04-04,2100,Cuentas por pagar,66232.52,0.00,Pago factura INV-00060,INV-00060,CC-100 Operaciones,Bruno Garcia 02 00000067
748,2026-05-05,1020,Bancos,0.00,37726.68,Pago factura INV-00342,INV-00342,CC-100 Operaciones,Bruno Garcia 02 00000067
749,2026-04-21,1020,Bancos,0.00,93624.76,Pago factura INV-00234,INV-00234,CC-100 Operaciones,Bruno Garcia 02 00000067
750,2026-03-18,1180,IVA acreditable,4135.36,0.00,Registro factura INV-00220,INV-00220,CC-100 Operaciones,Bruno Garcia 02 00000067
751,2026-01-19,1180,IVA acreditable,4456.64,0.00,Registro factura INV-00176,INV-00176,CC-100 Operaciones,Bruno Garcia 08 00000067
752,2026-06-14,1020,Bancos,0.00,34764.04,Pago factura INV-00005,INV-00005,CC-100 Operaciones,Bruno Garcia 02 00000067
753,2026-04-02,1020,Bancos,0.00,15939.56,Pago factura INV-00354,INV-00354,CC-100 Operaciones,Bruno Garcia 02 00000067
754,2026-02-19,5000,Gastos operativos,17353.00,0.00,Registro factura INV-00017,INV-00017,CC-100 Operaciones,Elena Mora 05 00000067
755,2026-03-23,2100,Cuentas por pagar,9488.80,0.00,Pago factura INV-00365,INV-00365,CC-100 Operaciones,Bruno Garcia 02 00000067
756,2026-05-20,1020,Bancos,0.00,23704.60,Pago factura INV-00277,INV-00277,CC-100 Operaciones,Bruno Garcia 02 00000067
757,2026-05-04,1180,IVA acreditable,9866.88,0.00,Registro factura INV-00341,INV-00341,CC-100 Operaciones,Elena Mora 05 00000067
758,2026-05-12,2100,Cuentas por pagar,64151.48,0.00,Pago factura INV-00168,INV-00168,CC-100 Operaciones,Bruno Garcia 02 00000067
759,2026-02-06,1180,IVA acreditable,7272.96,0.00,Registro factura INV-00298,INV-00298,CC-100 Operaciones,Diego Luna 04 00000067
760,2026-06-08,2100,Cuentas por pagar,0.00,61554.24,Registro factura INV-00320,INV-00320,CC-100 Operaciones,Diego Luna 10 00000067
761,2026-02-27,1180,IVA acreditable,4440.80,0.00,Registro factura INV-00314,INV-00314,CC-100 Operaciones,Ana Ruiz 07 00000067
762,2026-01-05,1180,IVA acreditable,3272.00,0.00,Registro factura INV-00138,INV-00138,CC-100 Operaciones,Bruno Garcia 02 00000067
763,2026-02-26,5000,Gastos operativos,52398.00,0.00,Registro factura INV-00049,INV-00049,CC-100 Operaciones,Diego Luna 10 00000067
764,2026-05-02,1180,IVA acreditable,10214.08,0.00,Registro factura INV-00237,INV-00237,CC-100 Operaciones,Carla Soto 03 00000067
765,2026-06-23,5000,Gastos operativos,69601.00,0.00,Registro factura INV-00230,INV-00230,CC-100 Operaciones,Elena Mora 05 00000067
766,2026-03-28,1180,IVA acreditable,10225.28,0.00,Registro factura INV-00062,INV-00062,CC-100 Operaciones,Diego Luna 04 00000067
767,2026-04-23,2100,Cuentas por pagar,0.00,71942.04,Registro factura INV-00171,INV-00171,CC-100 Operaciones,Bruno Garcia 02 00000067
768,2026-04-19,2100,Cuentas por pagar,50668.80,0.00,Pago factura INV-00074,INV-00074,CC-100 Operaciones,Bruno Garcia 02 00000067
769,2026-01-29,2100,Cuentas por pagar,32310.64,0.00,Pago factura INV-00176,INV-00176,CC-100 Operaciones,Bruno Garcia 02 00000067
770,2026-02-24,1020,Bancos,0.00,105967.16,Pago factura INV-00271,INV-00271,CC-100 Operaciones,Bruno Garcia 02 00000067
771,2026-05-24,2100,Cuentas por pagar,38335.68,0.00,Pago factura INV-00116,INV-00116,CC-100 Operaciones,Bruno Garcia 02 00000067
772,2026-03-23,2100,Cuentas por pagar,38266.08,0.00,Pago factura INV-00002,INV-00002,CC-100 Operaciones,Bruno Garcia 02 00000067
773,2026-04-03,1180,IVA acreditable,5929.12,0.00,Registro factura INV-00153,INV-00153,CC-100 Operaciones,Fabian Rios 06 00000067
774,2026-06-15,2100,Cuentas por pagar,25292.64,0.00,Pago factura INV-00016,INV-00016,CC-100 Operaciones,Bruno Garcia 02 00000067
775,2026-01-13,5000,Gastos operativos,35742.00,0.00,Registro factura INV-00192,INV-00192,CC-100 Operaciones,Fabian Rios 06 00000067
776,2026-04-08,1020,Bancos,0.00,57357.36,Pago factura INV-00130,INV-00130,CC-100 Operaciones,Bruno Garcia 02 00000067
777,2026-06-30,2100,Cuentas por pagar,100494.28,0.00,Pago factura INV-00044,INV-00044,CC-100 Operaciones,Bruno Garcia 02 00000067
778,2026-05-23,2100,Cuentas por pagar,60739.92,0.00,Pago factura INV-00332,INV-00332,CC-100 Operaciones,Bruno Garcia 02 00000067
779,2026-06-18,5000,Gastos operativos,57141.00,0.00,Registro factura INV-00299,INV-00299,CC-100 Operaciones,Diego Luna 04 00000067
780,2026-04-04,1020,Bancos,0.00,103062.52,Pago factura INV-00255,INV-00255,CC-100 Operaciones,Bruno Garcia 02 00000067
781,2026-04-13,2100,Cuentas por pagar,0.00,15437.28,Registro factura INV-00212,INV-00212,CC-100 Operaciones,Bruno Garcia 08 00000067
782,2026-02-25,1020,Bancos,0.00,67070.04,Pago factura INV-00041,INV-00041,CC-100 Operaciones,Bruno Garcia 02 00000067
783,2026-02-11,1180,IVA acreditable,7516.16,0.00,Registro factura INV-00093,INV-00093,CC-100 Operaciones,Carla Soto 03 00000067
784,2026-03-02,1020,Bancos,0.00,73508.04,Pago factura INV-00331,INV-00331,CC-100 Operaciones,Bruno Garcia 02 00000067
785,2026-04-08,1180,IVA acreditable,7394.08,0.00,Registro factura INV-00260,INV-00260,CC-100 Operaciones,Ana Ruiz 07 00000067
786,2026-02-15,2100,Cuentas por pagar,23722.00,0.00,Pago factura INV-00129,INV-00129,CC-100 Operaciones,Bruno Garcia 02 00000067
787,2026-05-13,1020,Bancos,0.00,93984.36,Pago factura INV-00356,INV-00356,CC-100 Operaciones,Bruno Garcia 02 00000067
788,2026-04-20,1020,Bancos,0.00,37845.00,Pago factura INV-00157,INV-00157,CC-100 Operaciones,Bruno Garcia 02 00000067
789,2026-01-12,1020,Bancos,0.00,14233.20,Pago factura INV-00138,INV-00138,CC-100 Operaciones,Bruno Garcia 02 00000067
790,2026-05-30,2100,Cuentas por pagar,45292.20,0.00,Pago factura INV-00040,INV-00040,CC-100 Operaciones,Bruno Garcia 02 00000067
791,2026-01-16,1180,IVA acreditable,14855.20,0.00,Registro factura INV-00087,INV-00087,CC-100 Operaciones,Ana Ruiz 07 00000067
792,2026-05-07,5000,Gastos operativos,30753.00,0.00,Registro factura INV-00079,INV-00079,CC-100 Operaciones,Diego Luna 04 00000067
793,2026-06-12,2100,Cuentas por pagar,42860.84,0.00,Pago factura INV-00263,INV-00263,CC-100 Operaciones,Bruno Garcia 02 00000067
794,2026-03-05,2100,Cuentas por pagar,66930.84,0.00,Pago factura INV-00281,INV-00281,CC-100 Operaciones,Bruno Garcia 02 00000067
795,2026-06-05,1180,IVA acreditable,3272.00,0.00,Registro factura INV-00003,INV-00003,CC-100 Operaciones,Ana Ruiz 07 00000067
796,2026-06-16,2100,Cuentas por pagar,0.00,29203.00,Registro factura INV-00146,INV-00146,CC-100 Operaciones,Bruno Garcia 02 00000067
797,2026-05-23,2100,Cuentas por pagar,0.00,21588.76,Registro factura INV-00350,INV-00350,CC-100 Operaciones,Bruno Garcia 08 00000067
798,2026-01-05,5000,Gastos operativos,20450.00,0.00,Registro factura INV-00138,INV-00138,CC-100 Operaciones,Bruno Garcia 02 00000067
799,2026-02-25,5000,Gastos operativos,52416.00,0.00,Registro factura INV-00121,INV-00121,CC-100 Operaciones,Elena Mora 05 00000067
800,2026-02-03,1180,IVA acreditable,9559.36,0.00,Registro factura INV-00258,INV-00258,CC-100 Operaciones,Carla Soto 03 00000067
801,2026-04-25,1180,IVA acreditable,5203.68,0.00,Registro factura INV-00342,INV-00342,CC-100 Operaciones,Fabian Rios 06 00000067
802,2026-05-10,1020,Bancos,0.00,101326.00,Pago factura INV-00248,INV-00248,CC-100 Operaciones,Bruno Garcia 02 00000067
803,2026-06-06,5000,Gastos operativos,77850.00,0.00,Registro factura INV-00213,INV-00213,CC-100 Operaciones,Fabian Rios 06 00000067
804,2026-05-28,1180,IVA acreditable,9226.24,0.00,Registro factura INV-00125,INV-00125,CC-100 Operaciones,Carla Soto 09 00000067
805,2026-04-21,1180,IVA acreditable,11200.16,0.00,Registro factura INV-00261,INV-00261,CC-100 Operaciones,Diego Luna 10 00000067
806,2026-05-05,5000,Gastos operativos,77900.00,0.00,Registro factura INV-00149,INV-00149,CC-100 Operaciones,Diego Luna 10 00000067
807,2026-01-21,1180,IVA acreditable,1947.52,0.00,Registro factura INV-00042,INV-00042,CC-100 Operaciones,Bruno Garcia 08 00000067
808,2026-06-30,1020,Bancos,0.00,96205.76,Pago factura INV-00208,INV-00208,CC-100 Operaciones,Bruno Garcia 02 00000067
809,2026-04-28,2100,Cuentas por pagar,0.00,44257.48,Registro factura INV-00069,INV-00069,CC-100 Operaciones,Elena Mora 05 00000067
810,2026-05-30,1020,Bancos,0.00,29127.60,Pago factura INV-00055,INV-00055,CC-100 Operaciones,Bruno Garcia 02 00000067
811,2026-02-10,1180,IVA acreditable,9446.24,0.00,Registro factura INV-00163,INV-00163,CC-100 Operaciones,Bruno Garcia 08 00000067
812,2026-05-08,5000,Gastos operativos,84203.00,0.00,Registro factura INV-00159,INV-00159,CC-100 Operaciones,Ana Ruiz 01 00000067
813,2026-03-24,1180,IVA acreditable,11046.08,0.00,Registro factura INV-00158,INV-00158,CC-100 Operaciones,Bruno Garcia 08 00000067
814,2026-06-30,2100,Cuentas por pagar,82799.64,0.00,Pago factura INV-00082,INV-00082,CC-100 Operaciones,Bruno Garcia 02 00000067
815,2026-03-19,2100,Cuentas por pagar,47127.32,0.00,Pago factura INV-00279,INV-00279,CC-100 Operaciones,Bruno Garcia 02 00000067
816,2026-03-07,2100,Cuentas por pagar,60802.56,0.00,Pago factura INV-00121,INV-00121,CC-100 Operaciones,Bruno Garcia 02 00000067
817,2026-06-09,2100,Cuentas por pagar,0.00,17875.60,Registro factura INV-00370,INV-00370,CC-100 Operaciones,Elena Mora 05 00000067
818,2026-02-05,2100,Cuentas por pagar,0.00,25292.64,Registro factura INV-00142,INV-00142,CC-100 Operaciones,Carla Soto 09 00000067
819,2026-03-15,2100,Cuentas por pagar,0.00,67740.52,Registro factura INV-00325,INV-00325,CC-100 Operaciones,Ana Ruiz 01 00000067
820,2026-03-17,1020,Bancos,0.00,46054.32,Pago factura INV-00167,INV-00167,CC-100 Operaciones,Bruno Garcia 02 00000067
821,2026-06-05,1180,IVA acreditable,5684.48,0.00,Registro factura INV-00221,INV-00221,CC-100 Operaciones,Ana Ruiz 01 00000067
822,2026-02-10,2100,Cuentas por pagar,89394.24,0.00,Pago factura INV-00316,INV-00316,CC-100 Operaciones,Bruno Garcia 02 00000067
823,2026-03-25,2100,Cuentas por pagar,60955.68,0.00,Pago factura INV-00257,INV-00257,CC-100 Operaciones,Bruno Garcia 02 00000067
824,2026-01-22,5000,Gastos operativos,20210.00,0.00,Registro factura INV-00160,INV-00160,CC-100 Operaciones,Ana Ruiz 07 00000067
825,2026-03-09,1180,IVA acreditable,6500.32,0.00,Registro factura INV-00279,INV-00279,CC-100 Operaciones,Carla Soto 03 00000067
826,2026-02-13,2100,Cuentas por pagar,0.00,32628.48,Registro factura INV-00290,INV-00290,CC-100 Operaciones,Ana Ruiz 07 00000067
827,2026-05-23,2100,Cuentas por pagar,0.00,105152.84,Registro factura INV-00284,INV-00284,CC-100 Operaciones,Fabian Rios 06 00000067
828,2026-01-12,1020,Bancos,0.00,15175.58,Pago factura INV-00034,INV-00034,CC-100 Operaciones,Bruno Garcia 02 00000067
829,2026-04-22,1020,Bancos,0.00,107875.36,Pago factura INV-00180,INV-00180,CC-100 Operaciones,Bruno Garcia 02 00000067
830,2026-02-18,2100,Cuentas por pagar,73040.56,0.00,Pago factura INV-00064,INV-00064,CC-100 Operaciones,Bruno Garcia 02 00000067
831,2026-03-17,1180,IVA acreditable,3548.32,0.00,Registro factura INV-00348,INV-00348,CC-100 Operaciones,Carla Soto 03 00000067
832,2026-03-31,2100,Cuentas por pagar,0.00,87000.00,Registro factura INV-00106,INV-00106,CC-100 Operaciones,Fabian Rios 06 00000067
833,2026-01-19,1020,Bancos,0.00,31441.80,Pago factura INV-00014,INV-00014,CC-100 Operaciones,Bruno Garcia 02 00000067
834,2026-05-02,1180,IVA acreditable,8848.48,0.00,Registro factura INV-00168,INV-00168,CC-100 Operaciones,Ana Ruiz 01 00000067
835,2026-03-11,2100,Cuentas por pagar,0.00,38430.80,Registro factura INV-00287,INV-00287,CC-100 Operaciones,Elena Mora 05 00000067
836,2026-05-23,2100,Cuentas por pagar,9488.80,0.00,Pago factura INV-00355,INV-00355,CC-100 Operaciones,Bruno Garcia 02 00000067
837,2026-01-12,5000,Gastos operativos,75357.00,0.00,Registro factura INV-00336,INV-00336,CC-100 Operaciones,Ana Ruiz 01 00000067
838,2026-01-29,2100,Cuentas por pagar,23565.40,0.00,Pago factura INV-00266,INV-00266,CC-100 Operaciones,Bruno Garcia 02 00000067
839,2026-06-01,2100,Cuentas por pagar,97964.32,0.00,Pago factura INV-00240,INV-00240,CC-100 Operaciones,Bruno Garcia 02 00000067
840,2026-01-12,2100,Cuentas por pagar,15175.58,0.00,Pago factura INV-00034,INV-00034,CC-100 Operaciones,Bruno Garcia 02 00000067
841,2026-06-05,2100,Cuentas por pagar,0.00,49996.00,Registro factura INV-00252,INV-00252,CC-100 Operaciones,Carla Soto 09 00000067
842,2026-03-15,1180,IVA acreditable,9343.52,0.00,Registro factura INV-00325,INV-00325,CC-100 Operaciones,Ana Ruiz 01 00000067
843,2026-05-25,1020,Bancos,0.00,15090.44,Pago factura INV-00197,INV-00197,CC-100 Operaciones,Bruno Garcia 02 00000067
844,2026-04-21,2100,Cuentas por pagar,0.00,81201.16,Registro factura INV-00261,INV-00261,CC-100 Operaciones,Diego Luna 10 00000067
845,2026-02-23,1020,Bancos,0.00,32628.48,Pago factura INV-00290,INV-00290,CC-100 Operaciones,Bruno Garcia 02 00000067
846,2026-05-14,5000,Gastos operativos,33048.00,0.00,Registro factura INV-00116,INV-00116,CC-100 Operaciones,Ana Ruiz 07 00000067
847,2026-02-12,5000,Gastos operativos,88410.00,0.00,Registro factura INV-00328,INV-00328,CC-100 Operaciones,Bruno Garcia 02 00000067
848,2026-01-25,1020,Bancos,0.00,36147.92,Pago factura INV-00256,INV-00256,CC-100 Operaciones,Bruno Garcia 02 00000067
849,2026-05-21,1020,Bancos,0.00,66197.72,Pago factura INV-00072,INV-00072,CC-100 Operaciones,Bruno Garcia 02 00000067
850,2026-04-02,1180,IVA acreditable,2287.20,0.00,Registro factura INV-00177,INV-00177,CC-100 Operaciones,Carla Soto 09 00000067
851,2026-01-19,1180,IVA acreditable,3600.00,0.00,Registro factura INV-00187,INV-00187,CC-100 Operaciones,Carla Soto 09 00000067
852,2026-02-07,2100,Cuentas por pagar,19469.44,0.00,Pago factura INV-00344,INV-00344,CC-100 Operaciones,Bruno Garcia 02 00000067
853,2026-04-03,1180,IVA acreditable,9600.00,0.00,Registro factura INV-00143,INV-00143,CC-100 Operaciones,Ana Ruiz 07 00000067
854,2026-02-17,1180,IVA acreditable,3139.36,0.00,Registro factura INV-00338,INV-00338,CC-100 Operaciones,Carla Soto 03 00000067
855,2026-02-02,2100,Cuentas por pagar,57866.60,0.00,Pago factura INV-00100,INV-00100,CC-100 Operaciones,Bruno Garcia 02 00000067
856,2026-04-29,5000,Gastos operativos,17208.00,0.00,Registro factura INV-00065,INV-00065,CC-100 Operaciones,Diego Luna 10 00000067
857,2026-06-28,2100,Cuentas por pagar,66283.56,0.00,Pago factura INV-00299,INV-00299,CC-100 Operaciones,Bruno Garcia 02 00000067
858,2026-06-02,1180,IVA acreditable,9557.92,0.00,Registro factura INV-00340,INV-00340,CC-100 Operaciones,Bruno Garcia 02 00000067
859,2026-03-21,2080,IVA trasladado,0.00,8800.00,Registro venta INV-00037,INV-00037,CC-100 Operaciones,Bruno Garcia 02 00000067
860,2026-01-23,1020,Bancos,0.00,44555.60,Pago factura INV-00307,INV-00307,CC-100 Operaciones,Bruno Garcia 02 00000067
861,2026-06-10,2100,Cuentas por pagar,72321.36,0.00,Pago factura INV-00022,INV-00022,CC-100 Operaciones,Bruno Garcia 02 00000067
862,2026-01-24,1020,Bancos,0.00,17212.08,Pago factura INV-00280,INV-00280,CC-100 Operaciones,Bruno Garcia 02 00000067
863,2026-01-27,5000,Gastos operativos,43144.00,0.00,Registro factura INV-00337,INV-00337,CC-100 Operaciones,Bruno Garcia 08 00000067
864,2026-04-13,1020,Bancos,0.00,69600.00,Pago factura INV-00143,INV-00143,CC-100 Operaciones,Bruno Garcia 02 00000067
865,2026-01-30,2080,IVA trasladado,0.00,6080.00,Registro venta INV-00112,INV-00112,CC-100 Operaciones,Bruno Garcia 02 00000067
866,2026-01-29,1180,IVA acreditable,14128.48,0.00,Registro factura INV-00372,INV-00372,CC-100 Operaciones,Bruno Garcia 02 00000067
867,2026-03-16,2100,Cuentas por pagar,0.00,23280.04,Registro factura INV-00068,INV-00068,CC-100 Operaciones,Bruno Garcia 08 00000067
868,2026-01-21,2100,Cuentas por pagar,90459.12,0.00,Pago factura INV-00104,INV-00104,CC-100 Operaciones,Bruno Garcia 02 00000067
869,2026-03-03,1020,Bancos,0.00,105027.56,Pago factura INV-00318,INV-00318,CC-100 Operaciones,Bruno Garcia 02 00000067
870,2026-02-25,1020,Bancos,71340.00,0.00,Cobro factura INV-00188,INV-00188,CC-100 Operaciones,Bruno Garcia 02 00000067
871,2026-05-14,2100,Cuentas por pagar,0.00,38335.68,Registro factura INV-00116,INV-00116,CC-100 Operaciones,Ana Ruiz 07 00000067
872,2026-01-19,1020,Bancos,0.00,76011.32,Pago factura INV-00035,INV-00035,CC-100 Operaciones,Bruno Garcia 02 00000067
873,2026-01-20,2100,Cuentas por pagar,0.00,85021.04,Registro factura INV-00293,INV-00293,CC-100 Operaciones,Ana Ruiz 01 00000067
874,2026-01-23,1180,IVA acreditable,7981.60,0.00,Registro factura INV-00100,INV-00100,CC-100 Operaciones,Bruno Garcia 02 00000067
875,2026-02-27,1020,Bancos,0.00,93016.92,Pago factura INV-00203,INV-00203,CC-100 Operaciones,Bruno Garcia 02 00000067
876,2026-03-14,1180,IVA acreditable,7489.28,0.00,Registro factura INV-00131,INV-00131,CC-100 Operaciones,Fabian Rios 06 00000067
877,2026-01-21,5000,Gastos operativos,42255.00,0.00,Registro factura INV-00227,INV-00227,CC-100 Operaciones,Diego Luna 10 00000067
878,2026-06-17,5000,Gastos operativos,13901.00,0.00,Registro factura INV-00175,INV-00175,CC-100 Operaciones,Carla Soto 09 00000067
879,2026-04-01,2100,Cuentas por pagar,29650.76,0.00,Pago factura INV-00076,INV-00076,CC-100 Operaciones,Bruno Garcia 02 00000067
880,2026-06-18,5000,Gastos operativos,90995.00,0.00,Registro factura INV-00275,INV-00275,CC-100 Operaciones,Fabian Rios 06 00000067
881,2026-06-02,1020,Bancos,0.00,105152.84,Pago factura INV-00284,INV-00284,CC-100 Operaciones,Bruno Garcia 02 00000067
882,2026-01-14,5000,Gastos operativos,18931.00,0.00,Registro factura INV-00145,INV-00145,CC-100 Operaciones,Elena Mora 05 00000067
883,2026-02-17,2100,Cuentas por pagar,75255.00,0.00,Pago factura INV-00179,INV-00179,CC-100 Operaciones,Bruno Garcia 02 00000067
884,2026-02-03,2100,Cuentas por pagar,0.00,57377.08,Registro factura INV-00235,INV-00235,CC-100 Operaciones,Elena Mora 05 00000067
885,2026-02-28,5000,Gastos operativos,41488.00,0.00,Registro factura INV-00051,INV-00051,CC-100 Operaciones,Diego Luna 04 00000067
886,2026-04-03,1020,Bancos,0.00,75937.08,Pago factura INV-00172,INV-00172,CC-100 Operaciones,Bruno Garcia 02 00000067
887,2026-04-06,1180,IVA acreditable,6088.64,0.00,Registro factura INV-00191,INV-00191,CC-100 Operaciones,Carla Soto 03 00000067
888,2026-06-27,1180,IVA acreditable,2057.60,0.00,Registro factura INV-00312,INV-00312,CC-100 Operaciones,Ana Ruiz 01 00000067
889,2026-01-26,1020,Bancos,0.00,43568.44,Pago factura INV-00217,INV-00217,CC-100 Operaciones,Bruno Garcia 02 00000067
890,2026-05-08,2100,Cuentas por pagar,0.00,68645.32,Registro factura INV-00367,INV-00367,CC-100 Operaciones,Carla Soto 09 00000067
891,2026-01-13,1180,IVA acreditable,5718.72,0.00,Registro factura INV-00192,INV-00192,CC-100 Operaciones,Fabian Rios 06 00000067
892,2026-06-16,2100,Cuentas por pagar,0.00,92867.28,Registro factura INV-00218,INV-00218,CC-100 Operaciones,Diego Luna 10 00000067
893,2026-06-04,5000,Gastos operativos,29969.00,0.00,Registro factura INV-00005,INV-00005,CC-100 Operaciones,Fabian Rios 06 00000067
894,2026-02-26,1020,Bancos,0.00,17564.72,Pago factura INV-00038,INV-00038,CC-100 Operaciones,Bruno Garcia 02 00000067
895,2026-03-13,5000,Gastos operativos,57013.00,0.00,Registro factura INV-00018,INV-00018,CC-100 Operaciones,Carla Soto 09 00000067
896,2026-05-23,2100,Cuentas por pagar,10117.06,0.00,Pago factura INV-00242,INV-00242,CC-100 Operaciones,Bruno Garcia 02 00000067
897,2026-06-16,1180,IVA acreditable,12809.28,0.00,Registro factura INV-00218,INV-00218,CC-100 Operaciones,Diego Luna 10 00000067
898,2026-03-07,1020,Bancos,0.00,19501.92,Pago factura INV-00315,INV-00315,CC-100 Operaciones,Bruno Garcia 02 00000067
899,2026-06-30,2100,Cuentas por pagar,96205.76,0.00,Pago factura INV-00208,INV-00208,CC-100 Operaciones,Bruno Garcia 02 00000067
900,2026-06-13,1180,IVA acreditable,13051.20,0.00,Registro factura INV-00111,INV-00111,CC-100 Operaciones,Ana Ruiz 01 00000067
901,2026-03-17,1180,IVA acreditable,14405.28,0.00,Registro factura INV-00150,INV-00150,CC-100 Operaciones,Elena Mora 05 00000067
902,2026-04-14,5000,Gastos operativos,22842.00,0.00,Registro factura INV-00335,INV-00335,CC-100 Operaciones,Ana Ruiz 07 00000067
903,2026-01-21,1020,Bancos,0.00,90459.12,Pago factura INV-00104,INV-00104,CC-100 Operaciones,Bruno Garcia 02 00000067
904,2026-02-21,5000,Gastos operativos,90541.00,0.00,Registro factura INV-00318,INV-00318,CC-100 Operaciones,Carla Soto 09 00000067
905,2026-03-21,2100,Cuentas por pagar,57230.92,0.00,Pago factura INV-00334,INV-00334,CC-100 Operaciones,Bruno Garcia 02 00000067
906,2026-06-05,1020,Bancos,0.00,35465.84,Pago factura INV-00135,INV-00135,CC-100 Operaciones,Bruno Garcia 02 00000067
907,2026-02-28,2100,Cuentas por pagar,21363.72,0.00,Pago factura INV-00075,INV-00075,CC-100 Operaciones,Bruno Garcia 02 00000067
908,2026-04-05,5000,Gastos operativos,21804.00,0.00,Registro factura INV-00296,INV-00296,CC-100 Operaciones,Ana Ruiz 01 00000067
909,2026-04-18,2100,Cuentas por pagar,0.00,22658.28,Registro factura INV-00226,INV-00226,CC-100 Operaciones,Ana Ruiz 01 00000067
910,2026-05-25,5000,Gastos operativos,32017.00,0.00,Registro factura INV-00108,INV-00108,CC-100 Operaciones,Bruno Garcia 08 00000067
911,2026-02-04,1180,IVA acreditable,3923.04,0.00,Registro factura INV-00115,INV-00115,CC-100 Operaciones,Bruno Garcia 08 00000067
912,2026-05-10,2100,Cuentas por pagar,101326.00,0.00,Pago factura INV-00248,INV-00248,CC-100 Operaciones,Bruno Garcia 02 00000067
913,2026-06-29,1180,IVA acreditable,15013.60,0.00,Registro factura INV-00067,INV-00067,CC-100 Operaciones,Elena Mora 05 00000067
914,2026-01-26,5000,Gastos operativos,12244.00,0.00,Registro factura INV-00156,INV-00156,CC-100 Operaciones,Carla Soto 03 00000067
915,2026-03-29,2100,Cuentas por pagar,13926.96,0.00,Pago factura INV-00190,INV-00190,CC-100 Operaciones,Bruno Garcia 02 00000067
916,2026-03-17,2100,Cuentas por pagar,0.00,104438.28,Registro factura INV-00150,INV-00150,CC-100 Operaciones,Elena Mora 05 00000067
917,2026-05-07,2100,Cuentas por pagar,95155.96,0.00,Pago factura INV-00185,INV-00185,CC-100 Operaciones,Bruno Garcia 02 00000067
918,2026-06-22,1180,IVA acreditable,2977.44,0.00,Registro factura INV-00162,INV-00162,CC-100 Operaciones,Bruno Garcia 02 00000067
919,2026-02-25,1020,Bancos,0.00,88603.12,Pago factura INV-00024,INV-00024,CC-100 Operaciones,Bruno Garcia 02 00000067
920,2026-06-05,5000,Gastos operativos,43100.00,0.00,Registro factura INV-00252,INV-00252,CC-100 Operaciones,Carla Soto 09 00000067
921,2026-05-22,5000,Gastos operativos,29534.00,0.00,Registro factura INV-00181,INV-00181,CC-100 Operaciones,Carla Soto 09 00000067
922,2026-06-14,5000,Gastos operativos,59897.00,0.00,Registro factura INV-00059,INV-00059,CC-100 Operaciones,Diego Luna 10 00000067
923,2026-06-05,2100,Cuentas por pagar,35465.84,0.00,Pago factura INV-00135,INV-00135,CC-100 Operaciones,Bruno Garcia 02 00000067
924,2026-04-22,2100,Cuentas por pagar,0.00,65179.24,Registro factura INV-00373,INV-00373,CC-100 Operaciones,Ana Ruiz 07 00000067
925,2026-01-28,1020,Bancos,0.00,51239.52,Pago factura INV-00151,INV-00151,CC-100 Operaciones,Bruno Garcia 02 00000067
926,2026-06-30,2100,Cuentas por pagar,80737.16,0.00,Pago factura INV-00230,INV-00230,CC-100 Operaciones,Bruno Garcia 02 00000067
927,2026-03-21,1020,Bancos,0.00,38430.80,Pago factura INV-00287,INV-00287,CC-100 Operaciones,Bruno Garcia 02 00000067
928,2026-04-09,1180,IVA acreditable,2622.40,0.00,Registro factura INV-00086,INV-00086,CC-100 Operaciones,Diego Luna 04 00000067
929,2026-02-18,1180,IVA acreditable,2527.84,0.00,Registro factura INV-00154,INV-00154,CC-100 Operaciones,Diego Luna 10 00000067
930,2026-06-01,1020,Bancos,0.00,34259.44,Pago factura INV-00181,INV-00181,CC-100 Operaciones,Bruno Garcia 02 00000067
931,2026-02-08,2100,Cuentas por pagar,102431.48,0.00,Pago factura INV-00372,INV-00372,CC-100 Operaciones,Bruno Garcia 02 00000067
932,2026-03-28,2100,Cuentas por pagar,29981.36,0.00,Pago factura INV-00220,INV-00220,CC-100 Operaciones,Bruno Garcia 02 00000067
933,2026-03-04,2100,Cuentas por pagar,0.00,91548.36,Registro factura INV-00229,INV-00229,CC-100 Operaciones,Bruno Garcia 02 00000067
934,2026-04-05,2100,Cuentas por pagar,0.00,25292.64,Registro factura INV-00296,INV-00296,CC-100 Operaciones,Ana Ruiz 01 00000067
935,2026-01-26,2100,Cuentas por pagar,0.00,108576.00,Registro factura INV-00033,INV-00033,CC-100 Operaciones,Ana Ruiz 01 00000067
936,2026-01-22,1020,Bancos,0.00,87414.12,Pago factura INV-00336,INV-00336,CC-100 Operaciones,Bruno Garcia 02 00000067
937,2026-05-29,2100,Cuentas por pagar,0.00,94058.60,Registro factura INV-00001,INV-00001,CC-100 Operaciones,Fabian Rios 06 00000067
938,2026-02-20,5000,Gastos operativos,75137.00,0.00,Registro factura INV-00073,INV-00073,CC-100 Operaciones,Bruno Garcia 02 00000067
939,2026-06-06,2100,Cuentas por pagar,21520.32,0.00,Pago factura INV-00309,INV-00309,CC-100 Operaciones,Bruno Garcia 02 00000067
940,2026-05-06,1020,Bancos,0.00,104481.20,Pago factura INV-00214,INV-00214,CC-100 Operaciones,Bruno Garcia 02 00000067
941,2026-03-31,2100,Cuentas por pagar,23493.48,0.00,Pago factura INV-00262,INV-00262,CC-100 Operaciones,Bruno Garcia 02 00000067
942,2026-03-25,1020,Bancos,0.00,67740.52,Pago factura INV-00325,INV-00325,CC-100 Operaciones,Bruno Garcia 02 00000067
943,2026-06-17,2100,Cuentas por pagar,0.00,83103.56,Registro factura INV-00297,INV-00297,CC-100 Operaciones,Ana Ruiz 07 00000067
944,2026-04-13,5000,Gastos operativos,78768.00,0.00,Registro factura INV-00306,INV-00306,CC-100 Operaciones,Diego Luna 10 00000067
945,2026-03-09,2100,Cuentas por pagar,0.00,51060.88,Registro factura INV-00050,INV-00050,CC-100 Operaciones,Ana Ruiz 01 00000067
946,2026-06-08,2100,Cuentas por pagar,49774.44,0.00,Pago factura INV-00305,INV-00305,CC-100 Operaciones,Bruno Garcia 02 00000067
947,2026-04-19,2100,Cuentas por pagar,0.00,36694.28,Registro factura INV-00311,INV-00311,CC-100 Operaciones,Bruno Garcia 08 00000067
948,2026-05-18,2100,Cuentas por pagar,97675.48,0.00,Pago factura INV-00159,INV-00159,CC-100 Operaciones,Bruno Garcia 02 00000067
949,2026-04-24,1180,IVA acreditable,11572.32,0.00,Registro factura INV-00363,INV-00363,CC-100 Operaciones,Carla Soto 09 00000067
950,2026-03-31,1020,Bancos,0.00,23493.48,Pago factura INV-00262,INV-00262,CC-100 Operaciones,Bruno Garcia 02 00000067
951,2026-06-15,2100,Cuentas por pagar,49996.00,0.00,Pago factura INV-00252,INV-00252,CC-100 Operaciones,Bruno Garcia 02 00000067
952,2026-04-06,2100,Cuentas por pagar,0.00,105885.96,Registro factura INV-00302,INV-00302,CC-100 Operaciones,Elena Mora 05 00000067
953,2026-02-24,2100,Cuentas por pagar,0.00,35080.72,Registro factura INV-00039,INV-00039,CC-100 Operaciones,Bruno Garcia 08 00000067
954,2026-03-19,2100,Cuentas por pagar,0.00,106083.16,Registro factura INV-00036,INV-00036,CC-100 Operaciones,Ana Ruiz 07 00000067
955,2026-03-31,1180,IVA acreditable,12000.00,0.00,Registro factura INV-00106,INV-00106,CC-100 Operaciones,Fabian Rios 06 00000067
956,2026-04-07,1020,Bancos,0.00,95573.56,Pago factura INV-00206,INV-00206,CC-100 Operaciones,Bruno Garcia 02 00000067
957,2026-05-23,1020,Bancos,0.00,19998.40,Pago factura INV-00085,INV-00085,CC-100 Operaciones,Bruno Garcia 02 00000067
958,2026-01-24,2100,Cuentas por pagar,0.00,95898.36,Registro factura INV-00045,INV-00045,CC-100 Operaciones,Carla Soto 09 00000067
959,2026-05-02,2100,Cuentas por pagar,74374.56,0.00,Pago factura INV-00078,INV-00078,CC-100 Operaciones,Bruno Garcia 02 00000067
960,2026-05-10,2100,Cuentas por pagar,60260.84,0.00,Pago factura INV-00232,INV-00232,CC-100 Operaciones,Bruno Garcia 02 00000067
961,2026-03-30,2100,Cuentas por pagar,74843.20,0.00,Pago factura INV-00054,INV-00054,CC-100 Operaciones,Bruno Garcia 02 00000067
962,2026-06-19,2100,Cuentas por pagar,79776.68,0.00,Pago factura INV-00278,INV-00278,CC-100 Operaciones,Bruno Garcia 02 00000067
963,2026-06-24,1020,Bancos,0.00,16491.72,Pago factura INV-00094,INV-00094,CC-100 Operaciones,Bruno Garcia 02 00000067
964,2026-04-28,5000,Gastos operativos,38153.00,0.00,Registro factura INV-00069,INV-00069,CC-100 Operaciones,Elena Mora 05 00000067
965,2026-06-30,1020,Bancos,0.00,75586.76,Pago factura INV-00295,INV-00295,CC-100 Operaciones,Bruno Garcia 02 00000067
966,2026-05-13,2100,Cuentas por pagar,0.00,30337.48,Registro factura INV-00029,INV-00029,CC-100 Operaciones,Diego Luna 04 00000067
967,2026-02-03,2100,Cuentas por pagar,0.00,69305.36,Registro factura INV-00258,INV-00258,CC-100 Operaciones,Carla Soto 03 00000067
968,2026-04-28,2100,Cuentas por pagar,0.00,34202.60,Registro factura INV-00276,INV-00276,CC-100 Operaciones,Ana Ruiz 07 00000067
969,2026-03-12,1020,Bancos,0.00,29997.60,Pago factura INV-00166,INV-00166,CC-100 Operaciones,Bruno Garcia 02 00000067
970,2026-01-13,5000,Gastos operativos,38410.00,0.00,Registro factura INV-00307,INV-00307,CC-100 Operaciones,Bruno Garcia 08 00000067
971,2026-05-27,2100,Cuentas por pagar,0.00,21520.32,Registro factura INV-00309,INV-00309,CC-100 Operaciones,Diego Luna 04 00000067
972,2026-04-11,5000,Gastos operativos,80711.00,0.00,Registro factura INV-00234,INV-00234,CC-100 Operaciones,Fabian Rios 06 00000067
973,2026-05-08,2100,Cuentas por pagar,34202.60,0.00,Pago factura INV-00276,INV-00276,CC-100 Operaciones,Bruno Garcia 02 00000067
974,2026-05-02,1020,Bancos,0.00,74374.56,Pago factura INV-00078,INV-00078,CC-100 Operaciones,Bruno Garcia 02 00000067
975,2026-03-23,5000,Gastos operativos,71917.00,0.00,Registro factura INV-00322,INV-00322,CC-100 Operaciones,Elena Mora 05 00000067
976,2026-04-30,1180,IVA acreditable,8311.84,0.00,Registro factura INV-00232,INV-00232,CC-100 Operaciones,Carla Soto 09 00000067
977,2026-05-23,5000,Gastos operativos,18611.00,0.00,Registro factura INV-00350,INV-00350,CC-100 Operaciones,Bruno Garcia 08 00000067
978,2026-04-29,2100,Cuentas por pagar,0.00,77884.72,Registro factura INV-00259,INV-00259,CC-100 Operaciones,Bruno Garcia 02 00000067
979,2026-03-20,1180,IVA acreditable,14983.36,0.00,Registro factura INV-00053,INV-00053,CC-100 Operaciones,Diego Luna 04 00000067
980,2026-02-28,2100,Cuentas por pagar,0.00,51078.28,Registro factura INV-00113,INV-00113,CC-100 Operaciones,Fabian Rios 06 00000067
981,2026-03-26,1180,IVA acreditable,12424.64,0.00,Registro factura INV-00020,INV-00020,CC-100 Operaciones,Diego Luna 04 00000067
982,2026-06-28,5000,Gastos operativos,82936.00,0.00,Registro factura INV-00208,INV-00208,CC-100 Operaciones,Diego Luna 10 00000067
983,2026-03-28,2100,Cuentas por pagar,58169.36,0.00,Pago factura INV-00317,INV-00317,CC-100 Operaciones,Bruno Garcia 02 00000067
984,2026-05-21,1180,IVA acreditable,7959.20,0.00,Registro factura INV-00205,INV-00205,CC-100 Operaciones,Bruno Garcia 02 00000067
985,2026-06-16,5000,Gastos operativos,80058.00,0.00,Registro factura INV-00218,INV-00218,CC-100 Operaciones,Diego Luna 10 00000067
986,2026-02-02,1180,IVA acreditable,13365.12,0.00,Registro factura INV-00300,INV-00300,CC-100 Operaciones,Bruno Garcia 08 00000067
987,2026-02-27,2100,Cuentas por pagar,22760.36,0.00,Pago factura INV-00338,INV-00338,CC-100 Operaciones,Bruno Garcia 02 00000067
988,2026-01-15,2100,Cuentas por pagar,0.00,91646.96,Registro factura INV-00321,INV-00321,CC-100 Operaciones,Diego Luna 10 00000067
989,2026-06-30,2100,Cuentas por pagar,107463.56,0.00,Pago factura INV-00274,INV-00274,CC-100 Operaciones,Bruno Garcia 02 00000067
990,2026-03-16,1020,Bancos,0.00,100427.00,Pago factura INV-00052,INV-00052,CC-100 Operaciones,Bruno Garcia 02 00000067
991,2026-05-12,2100,Cuentas por pagar,15175.58,0.00,Pago factura INV-00242,INV-00242,CC-100 Operaciones,Bruno Garcia 02 00000067
992,2026-04-06,5000,Gastos operativos,38054.00,0.00,Registro factura INV-00191,INV-00191,CC-100 Operaciones,Carla Soto 03 00000067
993,2026-03-11,2100,Cuentas por pagar,14348.04,0.00,Pago factura INV-00189,INV-00189,CC-100 Operaciones,Bruno Garcia 02 00000067
994,2026-06-20,5000,Gastos operativos,29914.00,0.00,Registro factura INV-00120,INV-00120,CC-100 Operaciones,Fabian Rios 06 00000067
995,2026-03-24,2100,Cuentas por pagar,54297.28,0.00,Pago factura INV-00131,INV-00131,CC-100 Operaciones,Bruno Garcia 02 00000067
996,2026-05-30,5000,Gastos operativos,66777.00,0.00,Registro factura INV-00352,INV-00352,CC-100 Operaciones,Carla Soto 03 00000067
997,2026-04-30,5000,Gastos operativos,87350.00,0.00,Registro factura INV-00248,INV-00248,CC-100 Operaciones,Ana Ruiz 07 00000067
998,2026-03-07,2100,Cuentas por pagar,0.00,46054.32,Registro factura INV-00167,INV-00167,CC-100 Operaciones,Ana Ruiz 01 00000067
999,2026-06-15,2100,Cuentas por pagar,0.00,78370.76,Registro factura INV-00070,INV-00070,CC-100 Operaciones,Ana Ruiz 07 00000067
1000,2026-06-30,1020,Bancos,0.00,18720.08,Pago factura INV-00117,INV-00117,CC-100 Operaciones,Bruno Garcia 02 00000067
1001,2026-04-19,5000,Gastos operativos,31633.00,0.00,Registro factura INV-00311,INV-00311,CC-100 Operaciones,Bruno Garcia 08 00000067
1002,2026-06-30,1020,Bancos,0.00,82799.64,Pago factura INV-00082,INV-00082,CC-100 Operaciones,Bruno Garcia 02 00000067
1003,2026-05-21,5000,Gastos operativos,71944.00,0.00,Registro factura INV-00126,INV-00126,CC-100 Operaciones,Diego Luna 04 00000067
1004,2026-02-03,5000,Gastos operativos,59746.00,0.00,Registro factura INV-00258,INV-00258,CC-100 Operaciones,Carla Soto 03 00000067
1005,2026-01-24,5000,Gastos operativos,82671.00,0.00,Registro factura INV-00045,INV-00045,CC-100 Operaciones,Carla Soto 09 00000067
1006,2026-06-22,5000,Gastos operativos,16138.00,0.00,Registro factura INV-00117,INV-00117,CC-100 Operaciones,Diego Luna 10 00000067
1007,2026-03-04,5000,Gastos operativos,78921.00,0.00,Registro factura INV-00229,INV-00229,CC-100 Operaciones,Bruno Garcia 02 00000067
1008,2026-01-24,1180,IVA acreditable,13227.36,0.00,Registro factura INV-00045,INV-00045,CC-100 Operaciones,Carla Soto 09 00000067
1009,2026-02-09,2100,Cuentas por pagar,108507.56,0.00,Pago factura INV-00009,INV-00009,CC-100 Operaciones,Bruno Garcia 02 00000067
1010,2026-03-21,2100,Cuentas por pagar,38430.80,0.00,Pago factura INV-00287,INV-00287,CC-100 Operaciones,Bruno Garcia 02 00000067
1011,2026-06-24,2100,Cuentas por pagar,0.00,108124.76,Registro factura INV-00170,INV-00170,CC-100 Operaciones,Diego Luna 04 00000067
1012,2026-04-26,2100,Cuentas por pagar,72830.60,0.00,Pago factura INV-00010,INV-00010,CC-100 Operaciones,Bruno Garcia 02 00000067
1013,2026-05-19,2100,Cuentas por pagar,86877.04,0.00,Pago factura INV-00292,INV-00292,CC-100 Operaciones,Bruno Garcia 02 00000067
1014,2026-06-26,2100,Cuentas por pagar,0.00,100494.28,Registro factura INV-00044,INV-00044,CC-100 Operaciones,Fabian Rios 06 00000067
1015,2026-01-23,5000,Gastos operativos,24458.00,0.00,Registro factura INV-00253,INV-00253,CC-100 Operaciones,Diego Luna 04 00000067
1016,2026-03-26,1020,Bancos,0.00,88084.60,Pago factura INV-00091,INV-00091,CC-100 Operaciones,Bruno Garcia 02 00000067
1017,2026-03-21,1180,IVA acreditable,14041.12,0.00,Registro factura INV-00346,INV-00346,CC-100 Operaciones,Ana Ruiz 01 00000067
1018,2026-04-02,2100,Cuentas por pagar,83423.72,0.00,Pago factura INV-00322,INV-00322,CC-100 Operaciones,Bruno Garcia 02 00000067
1019,2026-06-05,1020,Bancos,0.00,15129.88,Pago factura INV-00011,INV-00011,CC-100 Operaciones,Bruno Garcia 02 00000067
1020,2026-05-13,1020,Bancos,0.00,99945.60,Pago factura INV-00152,INV-00152,CC-100 Operaciones,Bruno Garcia 02 00000067
1021,2026-06-10,2100,Cuentas por pagar,0.00,97069.96,Registro factura INV-00243,INV-00243,CC-100 Operaciones,Diego Luna 04 00000067
1022,2026-01-10,1180,IVA acreditable,13252.48,0.00,Registro factura INV-00099,INV-00099,CC-100 Operaciones,Carla Soto 09 00000067
1023,2026-04-15,2100,Cuentas por pagar,0.00,14353.84,Registro factura INV-00007,INV-00007,CC-100 Operaciones,Diego Luna 10 00000067
1024,2026-04-22,2100,Cuentas por pagar,0.00,74374.56,Registro factura INV-00078,INV-00078,CC-100 Operaciones,Elena Mora 05 00000067
1025,2026-05-12,1020,Bancos,0.00,14233.20,Pago factura INV-00355,INV-00355,CC-100 Operaciones,Bruno Garcia 02 00000067
1026,2026-01-24,2100,Cuentas por pagar,21959.96,0.00,Pago factura INV-00145,INV-00145,CC-100 Operaciones,Bruno Garcia 02 00000067
1027,2026-04-24,2100,Cuentas por pagar,0.00,83899.32,Registro factura INV-00363,INV-00363,CC-100 Operaciones,Carla Soto 09 00000067
1028,2026-05-03,1180,IVA acreditable,13785.60,0.00,Registro factura INV-00152,INV-00152,CC-100 Operaciones,Bruno Garcia 08 00000067
1029,2026-05-01,2100,Cuentas por pagar,43909.48,0.00,Pago factura INV-00303,INV-00303,CC-100 Operaciones,Bruno Garcia 02 00000067
1030,2026-02-13,1050,Cuentas por cobrar,63331.36,0.00,Registro venta INV-00327,INV-00327,CC-100 Operaciones,Bruno Garcia 02 00000067
1031,2026-05-26,2100,Cuentas por pagar,0.00,15129.88,Registro factura INV-00011,INV-00011,CC-100 Operaciones,Ana Ruiz 07 00000067
1032,2026-03-11,5000,Gastos operativos,33130.00,0.00,Registro factura INV-00287,INV-00287,CC-100 Operaciones,Elena Mora 05 00000067
1033,2026-06-02,2100,Cuentas por pagar,0.00,69294.92,Registro factura INV-00340,INV-00340,CC-100 Operaciones,Bruno Garcia 02 00000067
1034,2026-05-24,5000,Gastos operativos,74296.00,0.00,Registro factura INV-00270,INV-00270,CC-100 Operaciones,Carla Soto 03 00000067
1035,2026-02-05,2100,Cuentas por pagar,0.00,23722.00,Registro factura INV-00129,INV-00129,CC-100 Operaciones,Carla Soto 03 00000067
1036,2026-04-29,1020,Bancos,0.00,53260.24,Pago factura INV-00008,INV-00008,CC-100 Operaciones,Bruno Garcia 02 00000067
1037,2026-01-20,5000,Gastos operativos,73294.00,0.00,Registro factura INV-00293,INV-00293,CC-100 Operaciones,Ana Ruiz 01 00000067
1038,2026-04-01,1020,Bancos,0.00,29650.76,Pago factura INV-00076,INV-00076,CC-100 Operaciones,Bruno Garcia 02 00000067
1039,2026-02-09,1020,Bancos,0.00,85131.24,Pago factura INV-00326,INV-00326,CC-100 Operaciones,Bruno Garcia 02 00000067
1040,2026-04-30,5000,Gastos operativos,51949.00,0.00,Registro factura INV-00232,INV-00232,CC-100 Operaciones,Carla Soto 09 00000067
1041,2026-02-16,1180,IVA acreditable,13398.08,0.00,Registro factura INV-00123,INV-00123,CC-100 Operaciones,Fabian Rios 06 00000067
1042,2026-03-22,1020,Bancos,0.00,105408.04,Pago factura INV-00148,INV-00148,CC-100 Operaciones,Bruno Garcia 02 00000067
1043,2026-02-01,1180,IVA acreditable,8887.84,0.00,Registro factura INV-00269,INV-00269,CC-100 Operaciones,Ana Ruiz 01 00000067
1044,2026-03-06,1180,IVA acreditable,11132.32,0.00,Registro factura INV-00272,INV-00272,CC-100 Operaciones,Bruno Garcia 02 00000067
1045,2026-04-07,1180,IVA acreditable,15061.28,0.00,Registro factura INV-00043,INV-00043,CC-100 Operaciones,Diego Luna 10 00000067
1046,2026-03-12,2100,Cuentas por pagar,47430.08,0.00,Pago factura INV-00080,INV-00080,CC-100 Operaciones,Bruno Garcia 02 00000067
1047,2026-03-23,5000,Gastos operativos,13741.00,0.00,Registro factura INV-00354,INV-00354,CC-100 Operaciones,Carla Soto 03 00000067
1048,2026-05-05,1180,IVA acreditable,6896.00,0.00,Registro factura INV-00085,INV-00085,CC-100 Operaciones,Bruno Garcia 08 00000067
1049,2026-06-14,2100,Cuentas por pagar,61011.36,0.00,Pago factura INV-00245,INV-00245,CC-100 Operaciones,Bruno Garcia 02 00000067
1050,2026-03-12,2100,Cuentas por pagar,0.00,105408.04,Registro factura INV-00148,INV-00148,CC-100 Operaciones,Diego Luna 04 00000067
1051,2026-04-15,5000,Gastos operativos,0.00,4310.34,Reembolso proveedor INV-00143,INV-00143,CC-100 Operaciones,Bruno Garcia 02 00000067
1052,2026-06-27,2100,Cuentas por pagar,16125.16,0.00,Pago factura INV-00175,INV-00175,CC-100 Operaciones,Bruno Garcia 02 00000067
1053,2026-03-11,2100,Cuentas por pagar,51253.44,0.00,Pago factura INV-00308,INV-00308,CC-100 Operaciones,Bruno Garcia 02 00000067
1054,2026-02-28,2100,Cuentas por pagar,18326.84,0.00,Pago factura INV-00154,INV-00154,CC-100 Operaciones,Bruno Garcia 02 00000067
1055,2026-04-06,1020,Bancos,0.00,74564.80,Pago factura INV-00027,INV-00027,CC-100 Operaciones,Bruno Garcia 02 00000067
1056,2026-04-03,5000,Gastos operativos,37057.00,0.00,Registro factura INV-00153,INV-00153,CC-100 Operaciones,Fabian Rios 06 00000067
1057,2026-03-11,1020,Bancos,0.00,51253.44,Pago factura INV-00308,INV-00308,CC-100 Operaciones,Bruno Garcia 02 00000067
1058,2026-02-10,2100,Cuentas por pagar,0.00,64073.76,Registro factura INV-00251,INV-00251,CC-100 Operaciones,Diego Luna 10 00000067
1059,2026-03-23,1180,IVA acreditable,2198.56,0.00,Registro factura INV-00354,INV-00354,CC-100 Operaciones,Carla Soto 03 00000067
1060,2026-01-17,1180,IVA acreditable,11238.24,0.00,Registro factura INV-00031,INV-00031,CC-100 Operaciones,Bruno Garcia 02 00000067
1061,2026-06-16,2100,Cuentas por pagar,90306.00,0.00,Pago factura INV-00213,INV-00213,CC-100 Operaciones,Bruno Garcia 02 00000067
1062,2026-05-03,2100,Cuentas por pagar,0.00,99945.60,Registro factura INV-00152,INV-00152,CC-100 Operaciones,Bruno Garcia 08 00000067
1063,2026-05-19,1180,IVA acreditable,2696.80,0.00,Registro factura INV-00204,INV-00204,CC-100 Operaciones,Diego Luna 10 00000067
1064,2026-04-05,1180,IVA acreditable,3272.00,0.00,Registro factura INV-00304,INV-00304,CC-100 Operaciones,Elena Mora 05 00000067
1065,2026-01-12,2100,Cuentas por pagar,0.00,15003.44,Registro factura INV-00291,INV-00291,CC-100 Operaciones,Carla Soto 03 00000067
1066,2026-05-31,1020,Bancos,0.00,83455.04,Pago factura INV-00126,INV-00126,CC-100 Operaciones,Bruno Garcia 02 00000067
1067,2026-03-23,2100,Cuentas por pagar,0.00,83423.72,Registro factura INV-00322,INV-00322,CC-100 Operaciones,Elena Mora 05 00000067
1068,2026-05-14,1180,IVA acreditable,5287.68,0.00,Registro factura INV-00116,INV-00116,CC-100 Operaciones,Ana Ruiz 07 00000067
1069,2026-02-22,2100,Cuentas por pagar,0.00,90053.12,Registro factura INV-00105,INV-00105,CC-100 Operaciones,Fabian Rios 06 00000067
1070,2026-05-12,1020,Bancos,0.00,64151.48,Pago factura INV-00168,INV-00168,CC-100 Operaciones,Bruno Garcia 02 00000067
1071,2026-01-19,5000,Gastos operativos,22500.00,0.00,Registro factura INV-00187,INV-00187,CC-100 Operaciones,Carla Soto 09 00000067
1072,2026-01-17,5000,Gastos operativos,70239.00,0.00,Registro factura INV-00031,INV-00031,CC-100 Operaciones,Bruno Garcia 02 00000067
1073,2026-03-06,5000,Gastos operativos,86575.00,0.00,Registro factura INV-00052,INV-00052,CC-100 Operaciones,Diego Luna 04 00000067
1074,2026-02-24,1020,Bancos,0.00,35955.36,Pago factura INV-00056,INV-00056,CC-100 Operaciones,Bruno Garcia 02 00000067
1075,2026-06-19,2100,Cuentas por pagar,0.00,94232.60,Registro factura INV-00202,INV-00202,CC-100 Operaciones,Ana Ruiz 01 00000067
1076,2026-04-10,1020,Bancos,0.00,33130.76,Pago factura INV-00063,INV-00063,CC-100 Operaciones,Bruno Garcia 02 00000067
1077,2026-04-29,5000,Gastos operativos,67142.00,0.00,Registro factura INV-00259,INV-00259,CC-100 Operaciones,Bruno Garcia 02 00000067
1078,2026-03-07,2100,Cuentas por pagar,0.00,108187.40,Registro factura INV-00366,INV-00366,CC-100 Operaciones,Carla Soto 09 00000067
1079,2026-06-01,5000,Gastos operativos,56271.00,0.00,Registro factura INV-00236,INV-00236,CC-100 Operaciones,Elena Mora 05 00000067
1080,2026-01-19,1180,IVA acreditable,3250.40,0.00,Registro factura INV-00266,INV-00266,CC-100 Operaciones,Fabian Rios 06 00000067
1081,2026-02-17,2100,Cuentas por pagar,0.00,22760.36,Registro factura INV-00338,INV-00338,CC-100 Operaciones,Carla Soto 03 00000067
1082,2026-05-18,5000,Gastos operativos,57820.00,0.00,Registro factura INV-00066,INV-00066,CC-100 Operaciones,Carla Soto 03 00000067
1083,2026-05-08,1180,IVA acreditable,9468.32,0.00,Registro factura INV-00367,INV-00367,CC-100 Operaciones,Carla Soto 09 00000067
1084,2026-02-24,1180,IVA acreditable,9615.84,0.00,Registro factura INV-00030,INV-00030,CC-100 Operaciones,Diego Luna 10 00000067
1085,2026-04-14,1020,Bancos,0.00,99190.44,Pago factura INV-00182,INV-00182,CC-100 Operaciones,Bruno Garcia 02 00000067
1086,2026-03-08,1180,IVA acreditable,6527.84,0.00,Registro factura INV-00015,INV-00015,CC-100 Operaciones,Bruno Garcia 08 00000067
1087,2026-04-29,2100,Cuentas por pagar,53260.24,0.00,Pago factura INV-00008,INV-00008,CC-100 Operaciones,Bruno Garcia 02 00000067
1088,2026-06-11,1180,IVA acreditable,12361.76,0.00,Registro factura INV-00358,INV-00358,CC-100 Operaciones,Ana Ruiz 01 00000067
1089,2026-03-20,5000,Gastos operativos,93646.00,0.00,Registro factura INV-00053,INV-00053,CC-100 Operaciones,Diego Luna 04 00000067
1090,2026-03-31,5000,Gastos operativos,75000.00,0.00,Registro factura INV-00106,INV-00106,CC-100 Operaciones,Fabian Rios 06 00000067
1091,2026-05-04,5000,Gastos operativos,61668.00,0.00,Registro factura INV-00341,INV-00341,CC-100 Operaciones,Elena Mora 05 00000067
1092,2026-05-23,1020,Bancos,0.00,9488.80,Pago factura INV-00355,INV-00355,CC-100 Operaciones,Bruno Garcia 02 00000067
1093,2026-01-11,5000,Gastos operativos,20449.00,0.00,Registro factura INV-00195,INV-00195,CC-100 Operaciones,Fabian Rios 06 00000067
1094,2026-03-03,1180,IVA acreditable,8293.44,0.00,Registro factura INV-00211,INV-00211,CC-100 Operaciones,Carla Soto 03 00000067
1095,2026-05-18,2100,Cuentas por pagar,0.00,94071.36,Registro factura INV-00140,INV-00140,CC-100 Operaciones,Elena Mora 05 00000067
1096,2026-06-07,1180,IVA acreditable,8122.40,0.00,Registro factura INV-00199,INV-00199,CC-100 Operaciones,Elena Mora 05 00000067
1097,2026-01-16,2100,Cuentas por pagar,0.00,43568.44,Registro factura INV-00217,INV-00217,CC-100 Operaciones,Carla Soto 09 00000067
1098,2026-03-09,1020,Bancos,0.00,32195.80,Pago factura INV-00314,INV-00314,CC-100 Operaciones,Bruno Garcia 02 00000067
1099,2026-02-03,2100,Cuentas por pagar,95898.36,0.00,Pago factura INV-00045,INV-00045,CC-100 Operaciones,Bruno Garcia 02 00000067
1100,2026-02-20,1020,Bancos,0.00,64073.76,Pago factura INV-00251,INV-00251,CC-100 Operaciones,Bruno Garcia 02 00000067
1101,2026-03-03,2100,Cuentas por pagar,0.00,103436.04,Registro factura INV-00265,INV-00265,CC-100 Operaciones,Elena Mora 05 00000067
1102,2026-06-11,5000,Gastos operativos,77261.00,0.00,Registro factura INV-00358,INV-00358,CC-100 Operaciones,Ana Ruiz 01 00000067
1103,2026-03-26,2100,Cuentas por pagar,0.00,107088.88,Registro factura INV-00264,INV-00264,CC-100 Operaciones,Bruno Garcia 02 00000067
1104,2026-03-23,1020,Bancos,0.00,9488.80,Pago factura INV-00365,INV-00365,CC-100 Operaciones,Bruno Garcia 02 00000067
1105,2026-04-09,5000,Gastos operativos,16390.00,0.00,Registro factura INV-00086,INV-00086,CC-100 Operaciones,Diego Luna 04 00000067
1106,2026-03-14,5000,Gastos operativos,46808.00,0.00,Registro factura INV-00131,INV-00131,CC-100 Operaciones,Fabian Rios 06 00000067
1107,2026-05-05,1180,IVA acreditable,3272.00,0.00,Registro factura INV-00355,INV-00355,CC-100 Operaciones,Fabian Rios 06 00000067
1108,2026-04-15,2100,Cuentas por pagar,0.00,95809.04,Registro factura INV-00200,INV-00200,CC-100 Operaciones,Bruno Garcia 02 00000067
1109,2026-05-23,1020,Bancos,0.00,10117.06,Pago factura INV-00242,INV-00242,CC-100 Operaciones,Bruno Garcia 02 00000067
1110,2026-03-07,1180,IVA acreditable,6352.32,0.00,Registro factura INV-00167,INV-00167,CC-100 Operaciones,Ana Ruiz 01 00000067
1111,2026-04-06,1180,IVA acreditable,14604.96,0.00,Registro factura INV-00302,INV-00302,CC-100 Operaciones,Elena Mora 05 00000067
1112,2026-05-24,1180,IVA acreditable,2749.92,0.00,Registro factura INV-00201,INV-00201,CC-100 Operaciones,Elena Mora 05 00000067
1113,2026-04-18,1020,Bancos,0.00,17670.28,Pago factura INV-00019,INV-00019,CC-100 Operaciones,Bruno Garcia 02 00000067
1114,2026-02-19,2100,Cuentas por pagar,0.00,20129.48,Registro factura INV-00017,INV-00017,CC-100 Operaciones,Elena Mora 05 00000067
1115,2026-06-14,2100,Cuentas por pagar,34764.04,0.00,Pago factura INV-00005,INV-00005,CC-100 Operaciones,Bruno Garcia 02 00000067
1116,2026-02-28,1020,Bancos,0.00,18326.84,Pago factura INV-00154,INV-00154,CC-100 Operaciones,Bruno Garcia 02 00000067
1117,2026-05-20,2100,Cuentas por pagar,40796.04,0.00,Pago factura INV-00006,INV-00006,CC-100 Operaciones,Bruno Garcia 02 00000067
1118,2026-06-08,1180,IVA acreditable,8490.24,0.00,Registro factura INV-00320,INV-00320,CC-100 Operaciones,Diego Luna 10 00000067
1119,2026-03-30,1180,IVA acreditable,8450.88,0.00,Registro factura INV-00371,INV-00371,CC-100 Operaciones,Diego Luna 10 00000067
1120,2026-03-26,2100,Cuentas por pagar,0.00,90078.64,Registro factura INV-00020,INV-00020,CC-100 Operaciones,Diego Luna 04 00000067
1121,2026-03-28,2100,Cuentas por pagar,0.00,46400.00,Registro factura INV-00173,INV-00173,CC-100 Operaciones,Elena Mora 05 00000067
1122,2026-03-09,1020,Bancos,0.00,81280.04,Pago factura INV-00369,INV-00369,CC-100 Operaciones,Bruno Garcia 02 00000067
1123,2026-02-27,2100,Cuentas por pagar,93016.92,0.00,Pago factura INV-00203,INV-00203,CC-100 Operaciones,Bruno Garcia 02 00000067
1124,2026-03-27,1180,IVA acreditable,10284.80,0.00,Registro factura INV-00027,INV-00027,CC-100 Operaciones,Carla Soto 09 00000067
1125,2026-02-19,1020,Bancos,0.00,67208.08,Pago factura INV-00375,INV-00375,CC-100 Operaciones,Bruno Garcia 02 00000067
1126,2026-04-16,1020,Bancos,0.00,49300.00,Pago factura INV-00021,INV-00021,CC-100 Operaciones,Bruno Garcia 02 00000067
1127,2026-04-26,2100,Cuentas por pagar,0.00,104481.20,Registro factura INV-00214,INV-00214,CC-100 Operaciones,Ana Ruiz 01 00000067
1128,2026-02-09,1020,Bancos,0.00,108507.56,Pago factura INV-00009,INV-00009,CC-100 Operaciones,Bruno Garcia 02 00000067
1129,2026-01-23,2100,Cuentas por pagar,44555.60,0.00,Pago factura INV-00307,INV-00307,CC-100 Operaciones,Bruno Garcia 02 00000067
1130,2026-02-12,2080,IVA trasladado,0.00,8679.36,Registro venta INV-00102,INV-00102,CC-100 Operaciones,Bruno Garcia 02 00000067
1131,2026-03-05,1180,IVA acreditable,10926.56,0.00,Registro factura INV-00103,INV-00103,CC-100 Operaciones,Elena Mora 05 00000067
1132,2026-04-28,2100,Cuentas por pagar,22658.28,0.00,Pago factura INV-00226,INV-00226,CC-100 Operaciones,Bruno Garcia 02 00000067
1133,2026-02-28,5000,Gastos operativos,50538.00,0.00,Registro factura INV-00329,INV-00329,CC-100 Operaciones,Fabian Rios 06 00000067
1134,2026-05-27,2100,Cuentas por pagar,0.00,36716.32,Registro factura INV-00351,INV-00351,CC-100 Operaciones,Bruno Garcia 02 00000067
1135,2026-03-12,5000,Gastos operativos,53602.00,0.00,Registro factura INV-00219,INV-00219,CC-100 Operaciones,Bruno Garcia 02 00000067
1136,2026-03-02,2100,Cuentas por pagar,0.00,68354.16,Registro factura INV-00345,INV-00345,CC-100 Operaciones,Fabian Rios 06 00000067
1137,2026-02-12,5000,Gastos operativos,91680.00,0.00,Registro factura INV-00137,INV-00137,CC-100 Operaciones,Diego Luna 10 00000067
1138,2026-02-07,1020,Bancos,0.00,49345.24,Pago factura INV-00241,INV-00241,CC-100 Operaciones,Bruno Garcia 02 00000067
1139,2026-01-10,2100,Cuentas por pagar,0.00,105925.40,Registro factura INV-00282,INV-00282,CC-100 Operaciones,Ana Ruiz 07 00000067
1140,2026-03-11,2100,Cuentas por pagar,0.00,57230.92,Registro factura INV-00334,INV-00334,CC-100 Operaciones,Ana Ruiz 07 00000067
1141,2026-03-24,1020,Bancos,0.00,54297.28,Pago factura INV-00131,INV-00131,CC-100 Operaciones,Bruno Garcia 02 00000067
1142,2026-04-18,2100,Cuentas por pagar,0.00,44898.96,Registro factura INV-00186,INV-00186,CC-100 Operaciones,Carla Soto 09 00000067
1143,2026-06-23,1020,Bancos,0.00,87031.32,Pago factura INV-00285,INV-00285,CC-100 Operaciones,Bruno Garcia 02 00000067
1144,2026-05-03,2100,Cuentas por pagar,69380.76,0.00,Pago factura INV-00249,INV-00249,CC-100 Operaciones,Bruno Garcia 02 00000067
1145,2026-01-19,2100,Cuentas por pagar,31441.80,0.00,Pago factura INV-00014,INV-00014,CC-100 Operaciones,Bruno Garcia 02 00000067
1146,2026-04-23,2100,Cuentas por pagar,15437.28,0.00,Pago factura INV-00212,INV-00212,CC-100 Operaciones,Bruno Garcia 02 00000067
1147,2026-04-25,1020,Bancos,0.00,95809.04,Pago factura INV-00200,INV-00200,CC-100 Operaciones,Bruno Garcia 02 00000067
1148,2026-02-02,1020,Bancos,0.00,57866.60,Pago factura INV-00100,INV-00100,CC-100 Operaciones,Bruno Garcia 02 00000067
1149,2026-03-29,2100,Cuentas por pagar,106083.16,0.00,Pago factura INV-00036,INV-00036,CC-100 Operaciones,Bruno Garcia 02 00000067
1150,2026-04-19,2100,Cuentas por pagar,0.00,53260.24,Registro factura INV-00008,INV-00008,CC-100 Operaciones,Fabian Rios 06 00000067
1151,2026-05-31,2100,Cuentas por pagar,83455.04,0.00,Pago factura INV-00126,INV-00126,CC-100 Operaciones,Bruno Garcia 02 00000067
1152,2026-05-13,1180,IVA acreditable,4184.48,0.00,Registro factura INV-00029,INV-00029,CC-100 Operaciones,Diego Luna 04 00000067
1153,2026-05-17,2100,Cuentas por pagar,35673.48,0.00,Pago factura INV-00079,INV-00079,CC-100 Operaciones,Bruno Garcia 02 00000067
1154,2026-02-25,2100,Cuentas por pagar,0.00,19501.92,Registro factura INV-00315,INV-00315,CC-100 Operaciones,Ana Ruiz 07 00000067
1155,2026-02-15,2100,Cuentas por pagar,49996.00,0.00,Pago factura INV-00361,INV-00361,CC-100 Operaciones,Bruno Garcia 02 00000067
1156,2026-06-04,1180,IVA acreditable,4795.04,0.00,Registro factura INV-00005,INV-00005,CC-100 Operaciones,Fabian Rios 06 00000067
1157,2026-05-25,5000,Gastos operativos,56479.00,0.00,Registro factura INV-00083,INV-00083,CC-100 Operaciones,Diego Luna 10 00000067
1158,2026-01-19,5000,Gastos operativos,20315.00,0.00,Registro factura INV-00266,INV-00266,CC-100 Operaciones,Fabian Rios 06 00000067
1159,2026-01-25,1180,IVA acreditable,11019.68,0.00,Registro factura INV-00210,INV-00210,CC-100 Operaciones,Fabian Rios 06 00000067
1160,2026-06-05,5000,Gastos operativos,20450.00,0.00,Registro factura INV-00003,INV-00003,CC-100 Operaciones,Ana Ruiz 07 00000067
1161,2026-04-23,5000,Gastos operativos,59811.00,0.00,Registro factura INV-00249,INV-00249,CC-100 Operaciones,Diego Luna 04 00000067
1162,2026-05-15,2100,Cuentas por pagar,90364.00,0.00,Pago factura INV-00149,INV-00149,CC-100 Operaciones,Bruno Garcia 02 00000067
1163,2026-04-11,1180,IVA acreditable,2186.56,0.00,Registro factura INV-00193,INV-00193,CC-100 Operaciones,Diego Luna 04 00000067
1164,2026-01-11,2100,Cuentas por pagar,0.00,90459.12,Registro factura INV-00104,INV-00104,CC-100 Operaciones,Diego Luna 04 00000067
1165,2026-06-15,5000,Gastos operativos,84032.00,0.00,Registro factura INV-00343,INV-00343,CC-100 Operaciones,Elena Mora 05 00000067
1166,2026-01-05,5000,Gastos operativos,43100.00,0.00,Registro factura INV-00330,INV-00330,CC-100 Operaciones,Diego Luna 04 00000067
1167,2026-03-10,1020,Bancos,0.00,51078.28,Pago factura INV-00113,INV-00113,CC-100 Operaciones,Bruno Garcia 02 00000067
1168,2026-03-23,2100,Cuentas por pagar,10117.06,0.00,Pago factura INV-00368,INV-00368,CC-100 Operaciones,Bruno Garcia 02 00000067
1169,2026-04-25,2100,Cuentas por pagar,0.00,37726.68,Registro factura INV-00342,INV-00342,CC-100 Operaciones,Fabian Rios 06 00000067
1170,2026-04-04,5000,Gastos operativos,85509.00,0.00,Registro factura INV-00182,INV-00182,CC-100 Operaciones,Carla Soto 09 00000067
1171,2026-06-21,2100,Cuentas por pagar,0.00,25231.16,Registro factura INV-00216,INV-00216,CC-100 Operaciones,Carla Soto 03 00000067
1172,2026-01-16,1180,IVA acreditable,6009.44,0.00,Registro factura INV-00217,INV-00217,CC-100 Operaciones,Carla Soto 09 00000067
1173,2026-06-30,2100,Cuentas por pagar,63506.52,0.00,Pago factura INV-00246,INV-00246,CC-100 Operaciones,Bruno Garcia 02 00000067
1174,2026-04-14,5000,Gastos operativos,85375.00,0.00,Registro factura INV-00238,INV-00238,CC-100 Operaciones,Elena Mora 05 00000067
1175,2026-05-15,5000,Gastos operativos,13009.00,0.00,Registro factura INV-00197,INV-00197,CC-100 Operaciones,Diego Luna 04 00000067
1176,2026-04-26,1180,IVA acreditable,14411.20,0.00,Registro factura INV-00214,INV-00214,CC-100 Operaciones,Ana Ruiz 01 00000067
1177,2026-02-05,2100,Cuentas por pagar,14203.04,0.00,Pago factura INV-00156,INV-00156,CC-100 Operaciones,Bruno Garcia 02 00000067
1178,2026-05-20,2100,Cuentas por pagar,0.00,45292.20,Registro factura INV-00040,INV-00040,CC-100 Operaciones,Carla Soto 09 00000067
1179,2026-04-14,2100,Cuentas por pagar,39015.44,0.00,Pago factura INV-00231,INV-00231,CC-100 Operaciones,Bruno Garcia 02 00000067
1180,2026-01-21,2100,Cuentas por pagar,0.00,14119.52,Registro factura INV-00042,INV-00042,CC-100 Operaciones,Bruno Garcia 08 00000067
1181,2026-06-25,1020,Bancos,0.00,97477.12,Pago factura INV-00343,INV-00343,CC-100 Operaciones,Bruno Garcia 02 00000067
1182,2026-02-17,2100,Cuentas por pagar,0.00,95001.68,Registro factura INV-00184,INV-00184,CC-100 Operaciones,Ana Ruiz 01 00000067
1183,2026-02-24,1180,IVA acreditable,4838.72,0.00,Registro factura INV-00039,INV-00039,CC-100 Operaciones,Bruno Garcia 08 00000067
1184,2026-02-20,1180,IVA acreditable,12021.92,0.00,Registro factura INV-00073,INV-00073,CC-100 Operaciones,Bruno Garcia 02 00000067
1185,2026-02-23,5000,Gastos operativos,57699.00,0.00,Registro factura INV-00281,INV-00281,CC-100 Operaciones,Carla Soto 03 00000067
1186,2026-06-30,2100,Cuentas por pagar,55570.96,0.00,Pago factura INV-00128,INV-00128,CC-100 Operaciones,Bruno Garcia 02 00000067
1187,2026-03-02,5000,Gastos operativos,40888.00,0.00,Registro factura INV-00080,INV-00080,CC-100 Operaciones,Bruno Garcia 08 00000067
1188,2026-05-28,2100,Cuentas por pagar,94071.36,0.00,Pago factura INV-00140,INV-00140,CC-100 Operaciones,Bruno Garcia 02 00000067
1189,2026-04-02,5000,Gastos operativos,70690.00,0.00,Registro factura INV-00114,INV-00114,CC-100 Operaciones,Ana Ruiz 07 00000067
1190,2026-04-24,5000,Gastos operativos,72327.00,0.00,Registro factura INV-00363,INV-00363,CC-100 Operaciones,Carla Soto 09 00000067
1191,2026-04-10,2100,Cuentas por pagar,33130.76,0.00,Pago factura INV-00063,INV-00063,CC-100 Operaciones,Bruno Garcia 02 00000067
1192,2026-03-10,2100,Cuentas por pagar,58624.08,0.00,Pago factura INV-00329,INV-00329,CC-100 Operaciones,Bruno Garcia 02 00000067
1193,2026-04-03,2100,Cuentas por pagar,0.00,14181.00,Registro factura INV-00357,INV-00357,CC-100 Operaciones,Diego Luna 04 00000067
1194,2026-03-17,5000,Gastos operativos,22177.00,0.00,Registro factura INV-00348,INV-00348,CC-100 Operaciones,Carla Soto 03 00000067
1195,2026-01-12,5000,Gastos operativos,12934.00,0.00,Registro factura INV-00291,INV-00291,CC-100 Operaciones,Carla Soto 03 00000067
1196,2026-05-29,1180,IVA acreditable,6865.44,0.00,Registro factura INV-00305,INV-00305,CC-100 Operaciones,Diego Luna 04 00000067
1197,2026-04-27,2100,Cuentas por pagar,100487.32,0.00,Pago factura INV-00004,INV-00004,CC-100 Operaciones,Bruno Garcia 02 00000067
1198,2026-02-01,5000,Gastos operativos,55549.00,0.00,Registro factura INV-00269,INV-00269,CC-100 Operaciones,Ana Ruiz 01 00000067
1199,2026-05-30,1180,IVA acreditable,4013.28,0.00,Registro factura INV-00364,INV-00364,CC-100 Operaciones,Ana Ruiz 01 00000067
1200,2026-03-30,5000,Gastos operativos,52818.00,0.00,Registro factura INV-00371,INV-00371,CC-100 Operaciones,Diego Luna 10 00000067
1201,2026-03-24,1020,Bancos,0.00,60599.56,Pago factura INV-00090,INV-00090,CC-100 Operaciones,Bruno Garcia 02 00000067
1202,2026-04-09,1020,Bancos,0.00,61268.88,Pago factura INV-00371,INV-00371,CC-100 Operaciones,Bruno Garcia 02 00000067
1203,2026-04-04,1020,Bancos,0.00,66232.52,Pago factura INV-00060,INV-00060,CC-100 Operaciones,Bruno Garcia 02 00000067
1204,2026-03-06,5000,Gastos operativos,69577.00,0.00,Registro factura INV-00272,INV-00272,CC-100 Operaciones,Bruno Garcia 02 00000067
1205,2026-02-28,5000,Gastos operativos,44033.00,0.00,Registro factura INV-00113,INV-00113,CC-100 Operaciones,Fabian Rios 06 00000067
1206,2026-06-19,2100,Cuentas por pagar,17875.60,0.00,Pago factura INV-00370,INV-00370,CC-100 Operaciones,Bruno Garcia 02 00000067
1207,2026-04-02,5000,Gastos operativos,14295.00,0.00,Registro factura INV-00177,INV-00177,CC-100 Operaciones,Carla Soto 09 00000067
1208,2026-06-30,2100,Cuentas por pagar,14917.60,0.00,Pago factura INV-00312,INV-00312,CC-100 Operaciones,Bruno Garcia 02 00000067
1209,2026-01-18,5000,Gastos operativos,63133.00,0.00,Registro factura INV-00012,INV-00012,CC-100 Operaciones,Ana Ruiz 01 00000067
1210,2026-06-08,1020,Bancos,0.00,94058.60,Pago factura INV-00001,INV-00001,CC-100 Operaciones,Bruno Garcia 02 00000067
1211,2026-04-04,2100,Cuentas por pagar,0.00,99190.44,Registro factura INV-00182,INV-00182,CC-100 Operaciones,Carla Soto 09 00000067
1212,2026-02-22,1020,Bancos,0.00,102555.60,Pago factura INV-00328,INV-00328,CC-100 Operaciones,Bruno Garcia 02 00000067
1213,2026-03-10,5000,Gastos operativos,62233.00,0.00,Registro factura INV-00174,INV-00174,CC-100 Operaciones,Bruno Garcia 08 00000067
1214,2026-03-03,2100,Cuentas por pagar,105027.56,0.00,Pago factura INV-00318,INV-00318,CC-100 Operaciones,Bruno Garcia 02 00000067
1215,2026-05-29,2100,Cuentas por pagar,55400.44,0.00,Pago factura INV-00374,INV-00374,CC-100 Operaciones,Bruno Garcia 02 00000067
1216,2026-04-10,1020,Bancos,0.00,87000.00,Pago factura INV-00106,INV-00106,CC-100 Operaciones,Bruno Garcia 02 00000067
1217,2026-04-25,5000,Gastos operativos,32523.00,0.00,Registro factura INV-00342,INV-00342,CC-100 Operaciones,Fabian Rios 06 00000067
1218,2026-06-17,5000,Gastos operativos,71641.00,0.00,Registro factura INV-00297,INV-00297,CC-100 Operaciones,Ana Ruiz 07 00000067
1219,2026-05-15,2100,Cuentas por pagar,0.00,58360.76,Registro factura INV-00183,INV-00183,CC-100 Operaciones,Fabian Rios 06 00000067
1220,2026-05-17,5000,Gastos operativos,21297.00,0.00,Registro factura INV-00268,INV-00268,CC-100 Operaciones,Bruno Garcia 08 00000067
1221,2026-03-01,2100,Cuentas por pagar,20129.48,0.00,Pago factura INV-00017,INV-00017,CC-100 Operaciones,Bruno Garcia 02 00000067
1222,2026-04-06,5000,Gastos operativos,91281.00,0.00,Registro factura INV-00302,INV-00302,CC-100 Operaciones,Elena Mora 05 00000067
1223,2026-03-20,2100,Cuentas por pagar,107022.76,0.00,Pago factura INV-00223,INV-00223,CC-100 Operaciones,Bruno Garcia 02 00000067
1224,2026-02-27,2100,Cuentas por pagar,95001.68,0.00,Pago factura INV-00184,INV-00184,CC-100 Operaciones,Bruno Garcia 02 00000067
1225,2026-01-20,2100,Cuentas por pagar,0.00,102766.72,Registro factura INV-00196,INV-00196,CC-100 Operaciones,Carla Soto 03 00000067
1226,2026-05-12,2100,Cuentas por pagar,14233.20,0.00,Pago factura INV-00355,INV-00355,CC-100 Operaciones,Bruno Garcia 02 00000067
1227,2026-05-25,2100,Cuentas por pagar,0.00,65515.64,Registro factura INV-00083,INV-00083,CC-100 Operaciones,Diego Luna 10 00000067
1228,2026-06-21,1020,Bancos,0.00,89622.76,Pago factura INV-00358,INV-00358,CC-100 Operaciones,Bruno Garcia 02 00000067
1229,2026-05-16,2100,Cuentas por pagar,0.00,25509.56,Registro factura INV-00057,INV-00057,CC-100 Operaciones,Carla Soto 03 00000067
1230,2026-04-22,2100,Cuentas por pagar,80582.88,0.00,Pago factura INV-00058,INV-00058,CC-100 Operaciones,Bruno Garcia 02 00000067
1231,2026-06-03,1020,Bancos,0.00,19936.92,Pago factura INV-00201,INV-00201,CC-100 Operaciones,Bruno Garcia 02 00000067
1232,2026-06-29,5000,Gastos operativos,93835.00,0.00,Registro factura INV-00067,INV-00067,CC-100 Operaciones,Elena Mora 05 00000067
1233,2026-03-04,1180,IVA acreditable,3173.44,0.00,Registro factura INV-00107,INV-00107,CC-100 Operaciones,Diego Luna 10 00000067
1234,2026-02-17,1020,Bancos,0.00,74260.88,Pago factura INV-00141,INV-00141,CC-100 Operaciones,Bruno Garcia 02 00000067
1235,2026-03-04,2100,Cuentas por pagar,90053.12,0.00,Pago factura INV-00105,INV-00105,CC-100 Operaciones,Bruno Garcia 02 00000067
1236,2026-05-05,5000,Gastos operativos,43100.00,0.00,Registro factura INV-00085,INV-00085,CC-100 Operaciones,Bruno Garcia 08 00000067
1237,2026-06-30,2100,Cuentas por pagar,25231.16,0.00,Pago factura INV-00216,INV-00216,CC-100 Operaciones,Bruno Garcia 02 00000067
1238,2026-05-01,1180,IVA acreditable,3053.12,0.00,Registro factura INV-00026,INV-00026,CC-100 Operaciones,Diego Luna 04 00000067
1239,2026-03-22,2100,Cuentas por pagar,105408.04,0.00,Pago factura INV-00148,INV-00148,CC-100 Operaciones,Bruno Garcia 02 00000067
1240,2026-06-05,2100,Cuentas por pagar,0.00,25292.64,Registro factura INV-00016,INV-00016,CC-100 Operaciones,Carla Soto 03 00000067
1241,2026-06-24,2100,Cuentas por pagar,69480.52,0.00,Pago factura INV-00059,INV-00059,CC-100 Operaciones,Bruno Garcia 02 00000067
1242,2026-04-25,2100,Cuentas por pagar,95809.04,0.00,Pago factura INV-00200,INV-00200,CC-100 Operaciones,Bruno Garcia 02 00000067
1243,2026-01-30,5000,Gastos operativos,93541.00,0.00,Registro factura INV-00009,INV-00009,CC-100 Operaciones,Ana Ruiz 07 00000067
1244,2026-02-27,2100,Cuentas por pagar,0.00,81280.04,Registro factura INV-00369,INV-00369,CC-100 Operaciones,Carla Soto 09 00000067
1245,2026-04-10,2100,Cuentas por pagar,0.00,82529.36,Registro factura INV-00119,INV-00119,CC-100 Operaciones,Carla Soto 09 00000067
1246,2026-01-11,1180,IVA acreditable,3271.84,0.00,Registro factura INV-00195,INV-00195,CC-100 Operaciones,Fabian Rios 06 00000067
1247,2026-06-14,1020,Bancos,0.00,61011.36,Pago factura INV-00245,INV-00245,CC-100 Operaciones,Bruno Garcia 02 00000067
1248,2026-03-01,1020,Bancos,0.00,20129.48,Pago factura INV-00017,INV-00017,CC-100 Operaciones,Bruno Garcia 02 00000067
1249,2026-05-21,2100,Cuentas por pagar,0.00,57704.20,Registro factura INV-00205,INV-00205,CC-100 Operaciones,Bruno Garcia 02 00000067
1250,2026-01-22,1180,IVA acreditable,7094.24,0.00,Registro factura INV-00155,INV-00155,CC-100 Operaciones,Elena Mora 05 00000067
1251,2026-02-04,5000,Gastos operativos,24519.00,0.00,Registro factura INV-00115,INV-00115,CC-100 Operaciones,Bruno Garcia 08 00000067
1252,2026-06-19,5000,Gastos operativos,81235.00,0.00,Registro factura INV-00202,INV-00202,CC-100 Operaciones,Ana Ruiz 01 00000067
1253,2026-06-30,1020,Bancos,0.00,63506.52,Pago factura INV-00246,INV-00246,CC-100 Operaciones,Bruno Garcia 02 00000067
1254,2026-06-25,5000,Gastos operativos,92641.00,0.00,Registro factura INV-00274,INV-00274,CC-100 Operaciones,Ana Ruiz 01 00000067
1255,2026-03-05,2100,Cuentas por pagar,0.00,23722.00,Registro factura INV-00365,INV-00365,CC-100 Operaciones,Diego Luna 04 00000067
1256,2026-05-15,2100,Cuentas por pagar,55304.16,0.00,Pago factura INV-00077,INV-00077,CC-100 Operaciones,Bruno Garcia 02 00000067
1257,2026-01-29,5000,Gastos operativos,53164.00,0.00,Registro factura INV-00194,INV-00194,CC-100 Operaciones,Diego Luna 10 00000067
1258,2026-05-16,1180,IVA acreditable,9182.88,0.00,Registro factura INV-00136,INV-00136,CC-100 Operaciones,Ana Ruiz 01 00000067
1259,2026-06-08,5000,Gastos operativos,53064.00,0.00,Registro factura INV-00320,INV-00320,CC-100 Operaciones,Diego Luna 10 00000067
1260,2026-01-22,1180,IVA acreditable,3233.60,0.00,Registro factura INV-00160,INV-00160,CC-100 Operaciones,Ana Ruiz 07 00000067
1261,2026-03-11,5000,Gastos operativos,49337.00,0.00,Registro factura INV-00334,INV-00334,CC-100 Operaciones,Ana Ruiz 07 00000067
1262,2026-02-19,1180,IVA acreditable,2776.48,0.00,Registro factura INV-00017,INV-00017,CC-100 Operaciones,Elena Mora 05 00000067
1263,2026-03-22,2100,Cuentas por pagar,0.00,29650.76,Registro factura INV-00076,INV-00076,CC-100 Operaciones,Bruno Garcia 08 00000067
1264,2026-04-17,5000,Gastos operativos,26342.00,0.00,Registro factura INV-00376,INV-00376,CC-100 Operaciones,Diego Luna 04 00000067
1265,2026-02-17,2100,Cuentas por pagar,74260.88,0.00,Pago factura INV-00141,INV-00141,CC-100 Operaciones,Bruno Garcia 02 00000067
1266,2026-06-30,1020,Bancos,0.00,108124.76,Pago factura INV-00170,INV-00170,CC-100 Operaciones,Bruno Garcia 02 00000067
1267,2026-04-07,2100,Cuentas por pagar,95573.56,0.00,Pago factura INV-00206,INV-00206,CC-100 Operaciones,Bruno Garcia 02 00000067
1268,2026-04-13,1020,Bancos,0.00,14181.00,Pago factura INV-00357,INV-00357,CC-100 Operaciones,Bruno Garcia 02 00000067
1269,2026-01-05,2100,Cuentas por pagar,0.00,23722.00,Registro factura INV-00138,INV-00138,CC-100 Operaciones,Bruno Garcia 02 00000067
1270,2026-03-02,1180,IVA acreditable,6542.08,0.00,Registro factura INV-00080,INV-00080,CC-100 Operaciones,Bruno Garcia 08 00000067
1271,2026-04-07,2100,Cuentas por pagar,0.00,109194.28,Registro factura INV-00043,INV-00043,CC-100 Operaciones,Diego Luna 10 00000067
1272,2026-03-01,2100,Cuentas por pagar,0.00,14348.04,Registro factura INV-00189,INV-00189,CC-100 Operaciones,Carla Soto 03 00000067
1273,2026-01-28,1180,IVA acreditable,6806.24,0.00,Registro factura INV-00241,INV-00241,CC-100 Operaciones,Carla Soto 03 00000067
1274,2026-04-20,2100,Cuentas por pagar,37845.00,0.00,Pago factura INV-00157,INV-00157,CC-100 Operaciones,Bruno Garcia 02 00000067
1275,2026-05-22,5000,Gastos operativos,84452.00,0.00,Registro factura INV-00240,INV-00240,CC-100 Operaciones,Ana Ruiz 01 00000067
1276,2026-02-14,2100,Cuentas por pagar,28442.04,0.00,Pago factura INV-00115,INV-00115,CC-100 Operaciones,Bruno Garcia 02 00000067
1277,2026-06-07,5000,Gastos operativos,50765.00,0.00,Registro factura INV-00199,INV-00199,CC-100 Operaciones,Elena Mora 05 00000067
1278,2026-05-01,1020,Bancos,0.00,81201.16,Pago factura INV-00261,INV-00261,CC-100 Operaciones,Bruno Garcia 02 00000067
1279,2026-01-31,2100,Cuentas por pagar,14119.52,0.00,Pago factura INV-00042,INV-00042,CC-100 Operaciones,Bruno Garcia 02 00000067
1280,2026-05-03,2100,Cuentas por pagar,71942.04,0.00,Pago factura INV-00171,INV-00171,CC-100 Operaciones,Bruno Garcia 02 00000067
1281,2026-06-30,1020,Bancos,0.00,108848.60,Pago factura INV-00067,INV-00067,CC-100 Operaciones,Bruno Garcia 02 00000067
1282,2026-05-23,1180,IVA acreditable,2977.76,0.00,Registro factura INV-00350,INV-00350,CC-100 Operaciones,Bruno Garcia 08 00000067
1283,2026-03-14,2100,Cuentas por pagar,0.00,60599.56,Registro factura INV-00090,INV-00090,CC-100 Operaciones,Diego Luna 04 00000067
1284,2026-02-15,2100,Cuentas por pagar,59438.40,0.00,Pago factura INV-00088,INV-00088,CC-100 Operaciones,Bruno Garcia 02 00000067
1285,2026-04-15,1020,Bancos,0.00,62345.36,Pago factura INV-00294,INV-00294,CC-100 Operaciones,Bruno Garcia 02 00000067
1286,2026-06-05,1180,IVA acreditable,6896.00,0.00,Registro factura INV-00252,INV-00252,CC-100 Operaciones,Carla Soto 09 00000067
1287,2026-06-11,1180,IVA acreditable,13534.40,0.00,Registro factura INV-00127,INV-00127,CC-100 Operaciones,Carla Soto 09 00000067
1288,2026-02-10,1020,Bancos,0.00,89394.24,Pago factura INV-00316,INV-00316,CC-100 Operaciones,Bruno Garcia 02 00000067
1289,2026-03-10,1180,IVA acreditable,14761.76,0.00,Registro factura INV-00223,INV-00223,CC-100 Operaciones,Diego Luna 10 00000067
1290,2026-01-26,5000,Gastos operativos,93600.00,0.00,Registro factura INV-00033,INV-00033,CC-100 Operaciones,Ana Ruiz 01 00000067
1291,2026-03-09,1020,Bancos,0.00,50767.40,Pago factura INV-00109,INV-00109,CC-100 Operaciones,Bruno Garcia 02 00000067
1292,2026-03-29,2100,Cuentas por pagar,0.00,57357.36,Registro factura INV-00130,INV-00130,CC-100 Operaciones,Ana Ruiz 01 00000067
1293,2026-01-30,2100,Cuentas por pagar,85021.04,0.00,Pago factura INV-00293,INV-00293,CC-100 Operaciones,Bruno Garcia 02 00000067
1294,2026-05-26,5000,Gastos operativos,13043.00,0.00,Registro factura INV-00011,INV-00011,CC-100 Operaciones,Ana Ruiz 07 00000067
1295,2026-06-12,2100,Cuentas por pagar,69294.92,0.00,Pago factura INV-00340,INV-00340,CC-100 Operaciones,Bruno Garcia 02 00000067
1296,2026-04-16,2100,Cuentas por pagar,0.00,61596.00,Registro factura INV-00110,INV-00110,CC-100 Operaciones,Carla Soto 09 00000067
1297,2026-01-13,2100,Cuentas por pagar,0.00,44555.60,Registro factura INV-00307,INV-00307,CC-100 Operaciones,Bruno Garcia 08 00000067
1298,2026-03-01,2100,Cuentas por pagar,0.00,40917.84,Registro factura INV-00169,INV-00169,CC-100 Operaciones,Ana Ruiz 01 00000067
1299,2026-03-24,1180,IVA acreditable,10474.08,0.00,Registro factura INV-00172,INV-00172,CC-100 Operaciones,Diego Luna 10 00000067
1300,2026-01-30,1180,IVA acreditable,11742.24,0.00,Registro factura INV-00326,INV-00326,CC-100 Operaciones,Carla Soto 09 00000067
1301,2026-04-02,2100,Cuentas por pagar,0.00,16582.20,Registro factura INV-00177,INV-00177,CC-100 Operaciones,Carla Soto 09 00000067
1302,2026-06-05,2100,Cuentas por pagar,0.00,70312.24,Registro factura INV-00046,INV-00046,CC-100 Operaciones,Carla Soto 09 00000067
1303,2026-01-29,1180,IVA acreditable,8506.24,0.00,Registro factura INV-00194,INV-00194,CC-100 Operaciones,Diego Luna 10 00000067
1304,2026-03-13,2100,Cuentas por pagar,0.00,38266.08,Registro factura INV-00002,INV-00002,CC-100 Operaciones,Ana Ruiz 07 00000067
1305,2026-06-27,1020,Bancos,0.00,16125.16,Pago factura INV-00175,INV-00175,CC-100 Operaciones,Bruno Garcia 02 00000067
1306,2026-03-17,2100,Cuentas por pagar,108187.40,0.00,Pago factura INV-00366,INV-00366,CC-100 Operaciones,Bruno Garcia 02 00000067
1307,2026-03-18,2100,Cuentas por pagar,47326.84,0.00,Pago factura INV-00015,INV-00015,CC-100 Operaciones,Bruno Garcia 02 00000067
1308,2026-04-23,1180,IVA acreditable,9923.04,0.00,Registro factura INV-00171,INV-00171,CC-100 Operaciones,Bruno Garcia 02 00000067
1309,2026-03-08,1020,Bancos,0.00,69286.80,Pago factura INV-00247,INV-00247,CC-100 Operaciones,Bruno Garcia 02 00000067
1310,2026-05-05,5000,Gastos operativos,20450.00,0.00,Registro factura INV-00355,INV-00355,CC-100 Operaciones,Fabian Rios 06 00000067
1311,2026-02-11,1020,Bancos,0.00,64436.84,Pago factura INV-00269,INV-00269,CC-100 Operaciones,Bruno Garcia 02 00000067
1312,2026-06-18,2100,Cuentas por pagar,61554.24,0.00,Pago factura INV-00320,INV-00320,CC-100 Operaciones,Bruno Garcia 02 00000067
1313,2026-06-20,1180,IVA acreditable,7664.96,0.00,Registro factura INV-00128,INV-00128,CC-100 Operaciones,Bruno Garcia 08 00000067
1314,2026-03-08,1180,IVA acreditable,2544.64,0.00,Registro factura INV-00061,INV-00061,CC-100 Operaciones,Fabian Rios 06 00000067
1315,2026-05-11,1180,IVA acreditable,12378.08,0.00,Registro factura INV-00209,INV-00209,CC-100 Operaciones,Bruno Garcia 08 00000067
1316,2026-03-06,1020,Bancos,0.00,142184.68,Pago factura INV-00122,INV-00122,CC-100 Operaciones,Bruno Garcia 02 00000067
1317,2026-03-26,5000,Gastos operativos,92318.00,0.00,Registro factura INV-00264,INV-00264,CC-100 Operaciones,Bruno Garcia 02 00000067
1318,2026-01-19,2100,Cuentas por pagar,0.00,23565.40,Registro factura INV-00266,INV-00266,CC-100 Operaciones,Fabian Rios 06 00000067
1319,2026-04-20,2100,Cuentas por pagar,0.00,95727.84,Registro factura INV-00032,INV-00032,CC-100 Operaciones,Carla Soto 03 00000067
1320,2026-05-11,2100,Cuentas por pagar,0.00,89741.08,Registro factura INV-00209,INV-00209,CC-100 Operaciones,Bruno Garcia 08 00000067
1321,2026-01-13,1180,IVA acreditable,6145.60,0.00,Registro factura INV-00307,INV-00307,CC-100 Operaciones,Bruno Garcia 08 00000067
1322,2026-05-22,1180,IVA acreditable,13512.32,0.00,Registro factura INV-00240,INV-00240,CC-100 Operaciones,Ana Ruiz 01 00000067
1323,2026-06-09,1180,IVA acreditable,11003.68,0.00,Registro factura INV-00278,INV-00278,CC-100 Operaciones,Ana Ruiz 07 00000067
1324,2026-03-27,5000,Gastos operativos,64280.00,0.00,Registro factura INV-00027,INV-00027,CC-100 Operaciones,Carla Soto 09 00000067
1325,2026-05-07,1180,IVA acreditable,4920.48,0.00,Registro factura INV-00079,INV-00079,CC-100 Operaciones,Diego Luna 04 00000067
1326,2026-06-03,5000,Gastos operativos,83341.00,0.00,Registro factura INV-00132,INV-00132,CC-100 Operaciones,Ana Ruiz 07 00000067
1327,2026-02-16,2100,Cuentas por pagar,52728.96,0.00,Pago factura INV-00298,INV-00298,CC-100 Operaciones,Bruno Garcia 02 00000067
1328,2026-05-10,2100,Cuentas por pagar,0.00,40796.04,Registro factura INV-00006,INV-00006,CC-100 Operaciones,Ana Ruiz 01 00000067
1329,2026-01-23,2100,Cuentas por pagar,10117.06,0.00,Pago factura INV-00034,INV-00034,CC-100 Operaciones,Bruno Garcia 02 00000067
1330,2026-03-26,2100,Cuentas por pagar,88084.60,0.00,Pago factura INV-00091,INV-00091,CC-100 Operaciones,Bruno Garcia 02 00000067
1331,2026-04-15,2100,Cuentas por pagar,49996.00,0.00,Pago factura INV-00224,INV-00224,CC-100 Operaciones,Bruno Garcia 02 00000067
1332,2026-01-10,2100,Cuentas por pagar,0.00,96080.48,Registro factura INV-00099,INV-00099,CC-100 Operaciones,Carla Soto 09 00000067
1333,2026-03-10,2100,Cuentas por pagar,48126.08,0.00,Pago factura INV-00051,INV-00051,CC-100 Operaciones,Bruno Garcia 02 00000067
1334,2026-01-18,2100,Cuentas por pagar,0.00,51239.52,Registro factura INV-00151,INV-00151,CC-100 Operaciones,Carla Soto 09 00000067
1335,2026-01-14,1180,IVA acreditable,2374.08,0.00,Registro factura INV-00280,INV-00280,CC-100 Operaciones,Carla Soto 03 00000067
1336,2026-02-05,1020,Bancos,0.00,14203.04,Pago factura INV-00156,INV-00156,CC-100 Operaciones,Bruno Garcia 02 00000067
1337,2026-03-29,1180,IVA acreditable,7911.36,0.00,Registro factura INV-00130,INV-00130,CC-100 Operaciones,Ana Ruiz 01 00000067
1338,2026-02-23,2100,Cuentas por pagar,0.00,50379.96,Registro factura INV-00324,INV-00324,CC-100 Operaciones,Ana Ruiz 01 00000067
1339,2026-03-30,1020,Bancos,0.00,108629.36,Pago factura INV-00053,INV-00053,CC-100 Operaciones,Bruno Garcia 02 00000067
1340,2026-06-14,1180,IVA acreditable,9583.52,0.00,Registro factura INV-00059,INV-00059,CC-100 Operaciones,Diego Luna 10 00000067
1341,2026-06-29,2100,Cuentas por pagar,0.00,108848.60,Registro factura INV-00067,INV-00067,CC-100 Operaciones,Elena Mora 05 00000067
1342,2026-05-01,1020,Bancos,0.00,43909.48,Pago factura INV-00303,INV-00303,CC-100 Operaciones,Bruno Garcia 02 00000067
1343,2026-03-12,2100,Cuentas por pagar,14233.20,0.00,Pago factura INV-00365,INV-00365,CC-100 Operaciones,Bruno Garcia 02 00000067
1344,2026-03-17,2100,Cuentas por pagar,0.00,25725.32,Registro factura INV-00348,INV-00348,CC-100 Operaciones,Carla Soto 03 00000067
1345,2026-02-13,1020,Bancos,0.00,69305.36,Pago factura INV-00258,INV-00258,CC-100 Operaciones,Bruno Garcia 02 00000067
1346,2026-06-11,1020,Bancos,0.00,19238.60,Pago factura INV-00339,INV-00339,CC-100 Operaciones,Bruno Garcia 02 00000067
1347,2026-05-05,2100,Cuentas por pagar,0.00,55304.16,Registro factura INV-00077,INV-00077,CC-100 Operaciones,Bruno Garcia 02 00000067
1348,2026-04-15,2100,Cuentas por pagar,62345.36,0.00,Pago factura INV-00294,INV-00294,CC-100 Operaciones,Bruno Garcia 02 00000067
1349,2026-04-03,2100,Cuentas por pagar,0.00,42986.12,Registro factura INV-00153,INV-00153,CC-100 Operaciones,Fabian Rios 06 00000067
1350,2026-03-29,1180,IVA acreditable,13607.20,0.00,Registro factura INV-00289,INV-00289,CC-100 Operaciones,Carla Soto 03 00000067
1351,2026-02-10,2100,Cuentas por pagar,77062.28,0.00,Pago factura INV-00207,INV-00207,CC-100 Operaciones,Bruno Garcia 02 00000067
1352,2026-04-08,5000,Gastos operativos,15233.00,0.00,Registro factura INV-00019,INV-00019,CC-100 Operaciones,Elena Mora 05 00000067
1353,2026-04-23,2100,Cuentas por pagar,0.00,69380.76,Registro factura INV-00249,INV-00249,CC-100 Operaciones,Diego Luna 04 00000067
1354,2026-02-11,2100,Cuentas por pagar,0.00,24298.52,Registro factura INV-00144,INV-00144,CC-100 Operaciones,Elena Mora 05 00000067
1355,2026-05-20,1180,IVA acreditable,6247.20,0.00,Registro factura INV-00040,INV-00040,CC-100 Operaciones,Carla Soto 09 00000067
1356,2026-04-13,1020,Bancos,0.00,42986.12,Pago factura INV-00153,INV-00153,CC-100 Operaciones,Bruno Garcia 02 00000067
1357,2026-03-17,2100,Cuentas por pagar,46054.32,0.00,Pago factura INV-00167,INV-00167,CC-100 Operaciones,Bruno Garcia 02 00000067
1358,2026-05-13,2100,Cuentas por pagar,99945.60,0.00,Pago factura INV-00152,INV-00152,CC-100 Operaciones,Bruno Garcia 02 00000067
1359,2026-04-26,5000,Gastos operativos,82437.00,0.00,Registro factura INV-00134,INV-00134,CC-100 Operaciones,Carla Soto 03 00000067
1360,2026-05-31,1180,IVA acreditable,9975.36,0.00,Registro factura INV-00022,INV-00022,CC-100 Operaciones,Diego Luna 10 00000067
1361,2026-06-30,2100,Cuentas por pagar,18720.08,0.00,Pago factura INV-00117,INV-00117,CC-100 Operaciones,Bruno Garcia 02 00000067
1362,2026-01-10,5000,Gastos operativos,91315.00,0.00,Registro factura INV-00282,INV-00282,CC-100 Operaciones,Ana Ruiz 07 00000067
1363,2026-02-16,2080,IVA trasladado,0.00,9840.00,Registro venta INV-00188,INV-00188,CC-100 Operaciones,Bruno Garcia 02 00000067
1364,2026-02-22,1020,Bancos,0.00,106348.80,Pago factura INV-00137,INV-00137,CC-100 Operaciones,Bruno Garcia 02 00000067
1365,2026-05-18,5000,Gastos operativos,81096.00,0.00,Registro factura INV-00140,INV-00140,CC-100 Operaciones,Elena Mora 05 00000067
1366,2026-03-15,2100,Cuentas por pagar,79217.56,0.00,Pago factura INV-00103,INV-00103,CC-100 Operaciones,Bruno Garcia 02 00000067
1367,2026-04-07,2100,Cuentas por pagar,46400.00,0.00,Pago factura INV-00173,INV-00173,CC-100 Operaciones,Bruno Garcia 02 00000067
1368,2026-04-01,2100,Cuentas por pagar,0.00,58303.92,Registro factura INV-00139,INV-00139,CC-100 Operaciones,Diego Luna 10 00000067
1369,2026-03-05,2100,Cuentas por pagar,0.00,51396.12,Registro factura INV-00092,INV-00092,CC-100 Operaciones,Ana Ruiz 07 00000067
1370,2026-05-17,2100,Cuentas por pagar,81146.64,0.00,Pago factura INV-00228,INV-00228,CC-100 Operaciones,Bruno Garcia 02 00000067
1371,2026-01-31,5000,Gastos operativos,66433.00,0.00,Registro factura INV-00207,INV-00207,CC-100 Operaciones,Bruno Garcia 02 00000067
1372,2026-02-16,5000,Gastos operativos,15142.00,0.00,Registro factura INV-00038,INV-00038,CC-100 Operaciones,Bruno Garcia 08 00000067
1373,2026-01-23,2100,Cuentas por pagar,0.00,57866.60,Registro factura INV-00100,INV-00100,CC-100 Operaciones,Bruno Garcia 02 00000067
1374,2026-05-17,1020,Bancos,0.00,35673.48,Pago factura INV-00079,INV-00079,CC-100 Operaciones,Bruno Garcia 02 00000067
1375,2026-04-15,2100,Cuentas por pagar,90150.56,0.00,Pago factura INV-00124,INV-00124,CC-100 Operaciones,Bruno Garcia 02 00000067
1376,2026-01-10,1180,IVA acreditable,14610.40,0.00,Registro factura INV-00282,INV-00282,CC-100 Operaciones,Ana Ruiz 07 00000067
1377,2026-04-10,1180,IVA acreditable,5220.00,0.00,Registro factura INV-00157,INV-00157,CC-100 Operaciones,Ana Ruiz 01 00000067
1378,2026-06-12,5000,Gastos operativos,65537.00,0.00,Registro factura INV-00084,INV-00084,CC-100 Operaciones,Fabian Rios 06 00000067
1379,2026-05-19,2100,Cuentas por pagar,0.00,19551.80,Registro factura INV-00204,INV-00204,CC-100 Operaciones,Diego Luna 10 00000067
1380,2026-06-05,1180,IVA acreditable,3488.64,0.00,Registro factura INV-00016,INV-00016,CC-100 Operaciones,Carla Soto 03 00000067
1381,2026-05-05,2100,Cuentas por pagar,37726.68,0.00,Pago factura INV-00342,INV-00342,CC-100 Operaciones,Bruno Garcia 02 00000067
1382,2026-06-15,1020,Bancos,0.00,70312.24,Pago factura INV-00046,INV-00046,CC-100 Operaciones,Bruno Garcia 02 00000067
1383,2026-03-22,2100,Cuentas por pagar,62178.32,0.00,Pago factura INV-00219,INV-00219,CC-100 Operaciones,Bruno Garcia 02 00000067
1384,2026-06-13,1180,IVA acreditable,12004.32,0.00,Registro factura INV-00285,INV-00285,CC-100 Operaciones,Carla Soto 03 00000067
1385,2026-03-29,5000,Gastos operativos,49446.00,0.00,Registro factura INV-00130,INV-00130,CC-100 Operaciones,Ana Ruiz 01 00000067
1386,2026-05-16,1180,IVA acreditable,3518.56,0.00,Registro factura INV-00057,INV-00057,CC-100 Operaciones,Carla Soto 03 00000067
1387,2026-02-22,5000,Gastos operativos,77632.00,0.00,Registro factura INV-00105,INV-00105,CC-100 Operaciones,Fabian Rios 06 00000067
1388,2026-01-27,1180,IVA acreditable,6330.56,0.00,Registro factura INV-00225,INV-00225,CC-100 Operaciones,Diego Luna 10 00000067
1389,2026-05-29,5000,Gastos operativos,81085.00,0.00,Registro factura INV-00001,INV-00001,CC-100 Operaciones,Fabian Rios 06 00000067
1390,2026-04-29,1020,Bancos,0.00,36694.28,Pago factura INV-00311,INV-00311,CC-100 Operaciones,Bruno Garcia 02 00000067
1391,2026-05-14,5000,Gastos operativos,72071.00,0.00,Registro factura INV-00239,INV-00239,CC-100 Operaciones,Carla Soto 09 00000067
1392,2026-03-28,1180,IVA acreditable,6400.00,0.00,Registro factura INV-00173,INV-00173,CC-100 Operaciones,Elena Mora 05 00000067
1393,2026-04-25,2100,Cuentas por pagar,0.00,44782.96,Registro factura INV-00362,INV-00362,CC-100 Operaciones,Bruno Garcia 08 00000067
1394,2026-04-20,2100,Cuentas por pagar,0.00,84642.88,Registro factura INV-00147,INV-00147,CC-100 Operaciones,Elena Mora 05 00000067
1395,2026-02-03,1020,Bancos,0.00,95898.36,Pago factura INV-00045,INV-00045,CC-100 Operaciones,Bruno Garcia 02 00000067
1396,2026-02-11,1020,Bancos,0.00,38865.80,Pago factura INV-00288,INV-00288,CC-100 Operaciones,Bruno Garcia 02 00000067
1397,2026-04-27,1180,IVA acreditable,12824.00,0.00,Registro factura INV-00098,INV-00098,CC-100 Operaciones,Bruno Garcia 08 00000067
1398,2026-01-09,1180,IVA acreditable,4336.80,0.00,Registro factura INV-00014,INV-00014,CC-100 Operaciones,Bruno Garcia 02 00000067
1399,2026-04-14,2100,Cuentas por pagar,99190.44,0.00,Pago factura INV-00182,INV-00182,CC-100 Operaciones,Bruno Garcia 02 00000067
1400,2026-04-12,1180,IVA acreditable,14879.36,0.00,Registro factura INV-00180,INV-00180,CC-100 Operaciones,Carla Soto 03 00000067
1401,2026-04-01,1020,Bancos,0.00,36947.16,Pago factura INV-00118,INV-00118,CC-100 Operaciones,Bruno Garcia 02 00000067
1402,2026-04-05,2100,Cuentas por pagar,90078.64,0.00,Pago factura INV-00020,INV-00020,CC-100 Operaciones,Bruno Garcia 02 00000067
1403,2026-03-21,1050,Cuentas por cobrar,63800.00,0.00,Registro venta INV-00037,INV-00037,CC-100 Operaciones,Bruno Garcia 02 00000067
1404,2026-02-02,5000,Gastos operativos,83532.00,0.00,Registro factura INV-00300,INV-00300,CC-100 Operaciones,Bruno Garcia 08 00000067
1405,2026-06-20,1180,IVA acreditable,4786.24,0.00,Registro factura INV-00120,INV-00120,CC-100 Operaciones,Fabian Rios 06 00000067
1406,2026-03-14,2100,Cuentas por pagar,91548.36,0.00,Pago factura INV-00229,INV-00229,CC-100 Operaciones,Bruno Garcia 02 00000067
1407,2026-05-24,1180,IVA acreditable,11887.36,0.00,Registro factura INV-00270,INV-00270,CC-100 Operaciones,Carla Soto 03 00000067
1408,2026-06-22,2100,Cuentas por pagar,0.00,21586.44,Registro factura INV-00162,INV-00162,CC-100 Operaciones,Bruno Garcia 02 00000067
1409,2026-05-28,1020,Bancos,0.00,94071.36,Pago factura INV-00140,INV-00140,CC-100 Operaciones,Bruno Garcia 02 00000067
1410,2026-05-16,2100,Cuentas por pagar,93531.96,0.00,Pago factura INV-00244,INV-00244,CC-100 Operaciones,Bruno Garcia 02 00000067
1411,2026-06-23,1180,IVA acreditable,11136.16,0.00,Registro factura INV-00230,INV-00230,CC-100 Operaciones,Elena Mora 05 00000067
1412,2026-03-14,1180,IVA acreditable,8358.56,0.00,Registro factura INV-00090,INV-00090,CC-100 Operaciones,Diego Luna 04 00000067
1413,2026-04-01,5000,Gastos operativos,23791.00,0.00,Registro factura INV-00333,INV-00333,CC-100 Operaciones,Bruno Garcia 02 00000067
1414,2026-03-30,2100,Cuentas por pagar,108629.36,0.00,Pago factura INV-00053,INV-00053,CC-100 Operaciones,Bruno Garcia 02 00000067
1415,2026-02-21,1020,Bancos,0.00,24298.52,Pago factura INV-00144,INV-00144,CC-100 Operaciones,Bruno Garcia 02 00000067
1416,2026-06-11,2100,Cuentas por pagar,0.00,89622.76,Registro factura INV-00358,INV-00358,CC-100 Operaciones,Ana Ruiz 01 00000067
1417,2026-02-18,2100,Cuentas por pagar,14392.12,0.00,Pago factura INV-00178,INV-00178,CC-100 Operaciones,Bruno Garcia 02 00000067
1418,2026-06-12,1020,Bancos,0.00,69294.92,Pago factura INV-00340,INV-00340,CC-100 Operaciones,Bruno Garcia 02 00000067
1419,2026-01-22,2100,Cuentas por pagar,0.00,51433.24,Registro factura INV-00155,INV-00155,CC-100 Operaciones,Elena Mora 05 00000067
1420,2026-01-12,2100,Cuentas por pagar,0.00,87414.12,Registro factura INV-00336,INV-00336,CC-100 Operaciones,Ana Ruiz 01 00000067
1421,2026-01-12,2100,Cuentas por pagar,29997.60,0.00,Pago factura INV-00330,INV-00330,CC-100 Operaciones,Bruno Garcia 02 00000067
1422,2026-05-09,2100,Cuentas por pagar,0.00,99214.80,Registro factura INV-00233,INV-00233,CC-100 Operaciones,Bruno Garcia 08 00000067
1423,2026-03-25,1020,Bancos,0.00,60955.68,Pago factura INV-00257,INV-00257,CC-100 Operaciones,Bruno Garcia 02 00000067
1424,2026-02-15,5000,Gastos operativos,76382.00,0.00,Registro factura INV-00024,INV-00024,CC-100 Operaciones,Carla Soto 09 00000067
1425,2026-02-24,5000,Gastos operativos,122573.00,0.00,Registro factura INV-00122,INV-00122,CC-100 Operaciones,Elena Mora 05 00000067
1426,2026-06-10,1180,IVA acreditable,7594.72,0.00,Registro factura INV-00047,INV-00047,CC-100 Operaciones,Bruno Garcia 02 00000067
1427,2026-02-08,1180,IVA acreditable,1985.12,0.00,Registro factura INV-00178,INV-00178,CC-100 Operaciones,Fabian Rios 06 00000067
1428,2026-04-08,1180,IVA acreditable,6800.00,0.00,Registro factura INV-00023,INV-00023,CC-100 Operaciones,Bruno Garcia 08 00000067
1429,2026-04-27,2100,Cuentas por pagar,0.00,95155.96,Registro factura INV-00185,INV-00185,CC-100 Operaciones,Diego Luna 10 00000067
1430,2026-05-29,2100,Cuentas por pagar,19551.80,0.00,Pago factura INV-00204,INV-00204,CC-100 Operaciones,Bruno Garcia 02 00000067
1431,2026-06-15,2100,Cuentas por pagar,70312.24,0.00,Pago factura INV-00046,INV-00046,CC-100 Operaciones,Bruno Garcia 02 00000067
1432,2026-06-04,1020,Bancos,0.00,65515.64,Pago factura INV-00083,INV-00083,CC-100 Operaciones,Bruno Garcia 02 00000067
1433,2026-02-07,2100,Cuentas por pagar,0.00,74260.88,Registro factura INV-00141,INV-00141,CC-100 Operaciones,Carla Soto 09 00000067
1434,2026-06-22,1020,Bancos,0.00,37943.60,Pago factura INV-00164,INV-00164,CC-100 Operaciones,Bruno Garcia 02 00000067
1435,2026-01-19,5000,Gastos operativos,27854.00,0.00,Registro factura INV-00176,INV-00176,CC-100 Operaciones,Bruno Garcia 08 00000067
1436,2026-02-21,2100,Cuentas por pagar,0.00,105027.56,Registro factura INV-00318,INV-00318,CC-100 Operaciones,Carla Soto 09 00000067
1437,2026-02-13,2100,Cuentas por pagar,57377.08,0.00,Pago factura INV-00235,INV-00235,CC-100 Operaciones,Bruno Garcia 02 00000067
1438,2026-04-03,5000,Gastos operativos,60000.00,0.00,Registro factura INV-00143,INV-00143,CC-100 Operaciones,Ana Ruiz 07 00000067
1439,2026-02-28,2100,Cuentas por pagar,0.00,58624.08,Registro factura INV-00329,INV-00329,CC-100 Operaciones,Fabian Rios 06 00000067
1440,2026-03-19,2100,Cuentas por pagar,51060.88,0.00,Pago factura INV-00050,INV-00050,CC-100 Operaciones,Bruno Garcia 02 00000067
1441,2026-03-01,5000,Gastos operativos,12369.00,0.00,Registro factura INV-00189,INV-00189,CC-100 Operaciones,Carla Soto 03 00000067
1442,2026-05-11,2100,Cuentas por pagar,21828.88,0.00,Pago factura INV-00071,INV-00071,CC-100 Operaciones,Bruno Garcia 02 00000067
1443,2026-05-23,2100,Cuentas por pagar,30337.48,0.00,Pago factura INV-00029,INV-00029,CC-100 Operaciones,Bruno Garcia 02 00000067
1444,2026-05-24,2100,Cuentas por pagar,0.00,86183.36,Registro factura INV-00270,INV-00270,CC-100 Operaciones,Carla Soto 03 00000067
1445,2026-05-04,1020,Bancos,0.00,83899.32,Pago factura INV-00363,INV-00363,CC-100 Operaciones,Bruno Garcia 02 00000067
1446,2026-03-20,1020,Bancos,0.00,72190.28,Pago factura INV-00174,INV-00174,CC-100 Operaciones,Bruno Garcia 02 00000067
1447,2026-04-04,2100,Cuentas por pagar,0.00,39015.44,Registro factura INV-00231,INV-00231,CC-100 Operaciones,Ana Ruiz 01 00000067
1448,2026-05-07,2100,Cuentas por pagar,0.00,81146.64,Registro factura INV-00228,INV-00228,CC-100 Operaciones,Bruno Garcia 02 00000067
1449,2026-04-11,2100,Cuentas por pagar,27597.56,0.00,Pago factura INV-00333,INV-00333,CC-100 Operaciones,Bruno Garcia 02 00000067
1450,2026-02-05,1020,Bancos,0.00,108576.00,Pago factura INV-00033,INV-00033,CC-100 Operaciones,Bruno Garcia 02 00000067
1451,2026-05-10,2100,Cuentas por pagar,0.00,23704.60,Registro factura INV-00277,INV-00277,CC-100 Operaciones,Carla Soto 03 00000067
1452,2026-03-01,5000,Gastos operativos,44184.00,0.00,Registro factura INV-00308,INV-00308,CC-100 Operaciones,Fabian Rios 06 00000067
1453,2026-03-12,2100,Cuentas por pagar,29997.60,0.00,Pago factura INV-00166,INV-00166,CC-100 Operaciones,Bruno Garcia 02 00000067
1454,2026-05-03,5000,Gastos operativos,86160.00,0.00,Registro factura INV-00152,INV-00152,CC-100 Operaciones,Bruno Garcia 08 00000067
1455,2026-06-16,1180,IVA acreditable,4028.00,0.00,Registro factura INV-00146,INV-00146,CC-100 Operaciones,Bruno Garcia 02 00000067
1456,2026-03-10,1020,Bancos,0.00,48126.08,Pago factura INV-00051,INV-00051,CC-100 Operaciones,Bruno Garcia 02 00000067
1457,2026-04-15,1180,IVA acreditable,0.00,689.66,Reembolso proveedor INV-00143,INV-00143,CC-100 Operaciones,Bruno Garcia 02 00000067
1458,2026-03-12,1020,Bancos,0.00,15175.58,Pago factura INV-00368,INV-00368,CC-100 Operaciones,Bruno Garcia 02 00000067
1459,2026-01-20,1180,IVA acreditable,11727.04,0.00,Registro factura INV-00293,INV-00293,CC-100 Operaciones,Ana Ruiz 01 00000067
1460,2026-05-12,5000,Gastos operativos,71527.00,0.00,Registro factura INV-00323,INV-00323,CC-100 Operaciones,Ana Ruiz 07 00000067
1461,2026-05-26,2100,Cuentas por pagar,25509.56,0.00,Pago factura INV-00057,INV-00057,CC-100 Operaciones,Bruno Garcia 02 00000067
1462,2026-02-16,4000,Ingresos por servicios,0.00,61500.00,Registro venta INV-00188,INV-00188,CC-100 Operaciones,Bruno Garcia 02 00000067
1463,2026-04-05,5000,Gastos operativos,43100.00,0.00,Registro factura INV-00224,INV-00224,CC-100 Operaciones,Ana Ruiz 07 00000067
1464,2026-04-17,1020,Bancos,0.00,56191.56,Pago factura INV-00222,INV-00222,CC-100 Operaciones,Bruno Garcia 02 00000067
1465,2026-05-09,5000,Gastos operativos,85530.00,0.00,Registro factura INV-00233,INV-00233,CC-100 Operaciones,Bruno Garcia 08 00000067
1466,2026-04-12,2100,Cuentas por pagar,0.00,107875.36,Registro factura INV-00180,INV-00180,CC-100 Operaciones,Carla Soto 03 00000067
1467,2026-03-15,5000,Gastos operativos,58397.00,0.00,Registro factura INV-00325,INV-00325,CC-100 Operaciones,Ana Ruiz 01 00000067
1468,2026-02-17,5000,Gastos operativos,80187.00,0.00,Registro factura INV-00203,INV-00203,CC-100 Operaciones,Elena Mora 05 00000067
1469,2026-04-20,1020,Bancos,0.00,82529.36,Pago factura INV-00119,INV-00119,CC-100 Operaciones,Bruno Garcia 02 00000067
1470,2026-04-30,2100,Cuentas por pagar,0.00,60260.84,Registro factura INV-00232,INV-00232,CC-100 Operaciones,Carla Soto 09 00000067
1471,2026-05-14,1180,IVA acreditable,11531.36,0.00,Registro factura INV-00239,INV-00239,CC-100 Operaciones,Carla Soto 09 00000067
1472,2026-06-26,2100,Cuentas por pagar,92867.28,0.00,Pago factura INV-00218,INV-00218,CC-100 Operaciones,Bruno Garcia 02 00000067
1473,2026-05-02,1020,Bancos,0.00,65179.24,Pago factura INV-00373,INV-00373,CC-100 Operaciones,Bruno Garcia 02 00000067
1474,2026-04-15,2100,Cuentas por pagar,25292.64,0.00,Pago factura INV-00296,INV-00296,CC-100 Operaciones,Bruno Garcia 02 00000067
1475,2026-01-23,2100,Cuentas por pagar,9488.80,0.00,Pago factura INV-00138,INV-00138,CC-100 Operaciones,Bruno Garcia 02 00000067
1476,2026-03-04,5000,Gastos operativos,19834.00,0.00,Registro factura INV-00107,INV-00107,CC-100 Operaciones,Diego Luna 10 00000067
1477,2026-05-23,1180,IVA acreditable,14503.84,0.00,Registro factura INV-00284,INV-00284,CC-100 Operaciones,Fabian Rios 06 00000067
1478,2026-03-21,2100,Cuentas por pagar,0.00,101798.12,Registro factura INV-00346,INV-00346,CC-100 Operaciones,Ana Ruiz 01 00000067
1479,2026-02-28,1180,IVA acreditable,8086.08,0.00,Registro factura INV-00329,INV-00329,CC-100 Operaciones,Fabian Rios 06 00000067
1480,2026-06-05,1180,IVA acreditable,9698.24,0.00,Registro factura INV-00046,INV-00046,CC-100 Operaciones,Carla Soto 09 00000067
1481,2026-04-07,1180,IVA acreditable,6800.00,0.00,Registro factura INV-00013,INV-00013,CC-100 Operaciones,Bruno Garcia 08 00000067
1482,2026-02-16,5000,Gastos operativos,83738.00,0.00,Registro factura INV-00123,INV-00123,CC-100 Operaciones,Fabian Rios 06 00000067
1483,2026-01-31,1180,IVA acreditable,10629.28,0.00,Registro factura INV-00207,INV-00207,CC-100 Operaciones,Bruno Garcia 02 00000067
1484,2026-06-04,5000,Gastos operativos,52596.00,0.00,Registro factura INV-00245,INV-00245,CC-100 Operaciones,Diego Luna 04 00000067
1485,2026-06-26,5000,Gastos operativos,68598.00,0.00,Registro factura INV-00310,INV-00310,CC-100 Operaciones,Bruno Garcia 08 00000067
1486,2026-03-23,1020,Bancos,0.00,10117.06,Pago factura INV-00368,INV-00368,CC-100 Operaciones,Bruno Garcia 02 00000067
1487,2026-03-18,5000,Gastos operativos,25846.00,0.00,Registro factura INV-00220,INV-00220,CC-100 Operaciones,Bruno Garcia 02 00000067
1488,2026-04-22,2100,Cuentas por pagar,107875.36,0.00,Pago factura INV-00180,INV-00180,CC-100 Operaciones,Bruno Garcia 02 00000067
1489,2026-06-12,1180,IVA acreditable,10485.92,0.00,Registro factura INV-00084,INV-00084,CC-100 Operaciones,Fabian Rios 06 00000067
1490,2026-06-22,1180,IVA acreditable,2582.08,0.00,Registro factura INV-00117,INV-00117,CC-100 Operaciones,Diego Luna 10 00000067
1491,2026-02-05,2100,Cuentas por pagar,0.00,49996.00,Registro factura INV-00361,INV-00361,CC-100 Operaciones,Elena Mora 05 00000067
1492,2026-01-28,1180,IVA acreditable,2685.44,0.00,Registro factura INV-00344,INV-00344,CC-100 Operaciones,Elena Mora 05 00000067
1493,2026-02-28,1180,IVA acreditable,7045.28,0.00,Registro factura INV-00113,INV-00113,CC-100 Operaciones,Fabian Rios 06 00000067
1494,2026-04-29,1180,IVA acreditable,2753.28,0.00,Registro factura INV-00065,INV-00065,CC-100 Operaciones,Diego Luna 10 00000067
1495,2026-03-24,5000,Gastos operativos,69038.00,0.00,Registro factura INV-00158,INV-00158,CC-100 Operaciones,Bruno Garcia 08 00000067
1496,2026-02-14,2100,Cuentas por pagar,0.00,83652.24,Registro factura INV-00025,INV-00025,CC-100 Operaciones,Diego Luna 10 00000067
1497,2026-03-12,2100,Cuentas por pagar,68354.16,0.00,Pago factura INV-00345,INV-00345,CC-100 Operaciones,Bruno Garcia 02 00000067
1498,2026-05-12,1020,Bancos,0.00,74052.08,Pago factura INV-00237,INV-00237,CC-100 Operaciones,Bruno Garcia 02 00000067
1499,2026-02-14,1180,IVA acreditable,14616.16,0.00,Registro factura INV-00271,INV-00271,CC-100 Operaciones,Diego Luna 04 00000067
1500,2026-01-28,2100,Cuentas por pagar,0.00,49345.24,Registro factura INV-00241,INV-00241,CC-100 Operaciones,Carla Soto 03 00000067
1501,2026-02-07,1180,IVA acreditable,10242.88,0.00,Registro factura INV-00141,INV-00141,CC-100 Operaciones,Carla Soto 09 00000067
1502,2026-04-10,1180,IVA acreditable,11383.36,0.00,Registro factura INV-00119,INV-00119,CC-100 Operaciones,Carla Soto 09 00000067
1503,2026-02-04,1180,IVA acreditable,8882.40,0.00,Registro factura INV-00095,INV-00095,CC-100 Operaciones,Diego Luna 10 00000067
1504,2026-02-15,2100,Cuentas por pagar,25292.64,0.00,Pago factura INV-00142,INV-00142,CC-100 Operaciones,Bruno Garcia 02 00000067
1505,2026-06-21,1180,IVA acreditable,10425.76,0.00,Registro factura INV-00295,INV-00295,CC-100 Operaciones,Elena Mora 05 00000067
1506,2026-06-15,1020,Bancos,0.00,23722.00,Pago factura INV-00003,INV-00003,CC-100 Operaciones,Bruno Garcia 02 00000067
1507,2026-01-19,2100,Cuentas por pagar,0.00,32310.64,Registro factura INV-00176,INV-00176,CC-100 Operaciones,Bruno Garcia 08 00000067
1508,2026-01-18,2100,Cuentas por pagar,0.00,73234.28,Registro factura INV-00012,INV-00012,CC-100 Operaciones,Ana Ruiz 01 00000067
1509,2026-01-26,1020,Bancos,0.00,107700.20,Pago factura INV-00087,INV-00087,CC-100 Operaciones,Bruno Garcia 02 00000067
1510,2026-05-06,2100,Cuentas por pagar,0.00,93531.96,Registro factura INV-00244,INV-00244,CC-100 Operaciones,Ana Ruiz 07 00000067
1511,2026-02-14,1020,Bancos,0.00,64397.40,Pago factura INV-00095,INV-00095,CC-100 Operaciones,Bruno Garcia 02 00000067
1512,2026-02-27,1020,Bancos,0.00,95001.68,Pago factura INV-00184,INV-00184,CC-100 Operaciones,Bruno Garcia 02 00000067
1513,2026-05-15,1020,Bancos,0.00,90364.00,Pago factura INV-00149,INV-00149,CC-100 Operaciones,Bruno Garcia 02 00000067
1514,2026-01-29,1020,Bancos,0.00,23565.40,Pago factura INV-00266,INV-00266,CC-100 Operaciones,Bruno Garcia 02 00000067
1515,2026-05-31,5000,Gastos operativos,24446.00,0.00,Registro factura INV-00165,INV-00165,CC-100 Operaciones,Bruno Garcia 08 00000067
1516,2026-01-18,1180,IVA acreditable,10101.28,0.00,Registro factura INV-00012,INV-00012,CC-100 Operaciones,Ana Ruiz 01 00000067
1517,2026-05-01,5000,Gastos operativos,18818.00,0.00,Registro factura INV-00071,INV-00071,CC-100 Operaciones,Fabian Rios 06 00000067
1518,2026-03-28,1020,Bancos,0.00,29981.36,Pago factura INV-00220,INV-00220,CC-100 Operaciones,Bruno Garcia 02 00000067
1519,2026-02-14,5000,Gastos operativos,30996.00,0.00,Registro factura INV-00056,INV-00056,CC-100 Operaciones,Fabian Rios 06 00000067
1520,2026-06-19,1180,IVA acreditable,12997.60,0.00,Registro factura INV-00202,INV-00202,CC-100 Operaciones,Ana Ruiz 01 00000067
1521,2026-02-22,1180,IVA acreditable,14426.40,0.00,Registro factura INV-00028,INV-00028,CC-100 Operaciones,Diego Luna 04 00000067
1522,2026-04-11,5000,Gastos operativos,13666.00,0.00,Registro factura INV-00193,INV-00193,CC-100 Operaciones,Diego Luna 04 00000067
1523,2026-06-09,1180,IVA acreditable,2465.60,0.00,Registro factura INV-00370,INV-00370,CC-100 Operaciones,Elena Mora 05 00000067
1524,2026-05-26,2100,Cuentas por pagar,0.00,35465.84,Registro factura INV-00135,INV-00135,CC-100 Operaciones,Elena Mora 05 00000067
1525,2026-02-23,1020,Bancos,0.00,42501.24,Pago factura INV-00319,INV-00319,CC-100 Operaciones,Bruno Garcia 02 00000067
1526,2026-06-15,1020,Bancos,0.00,25292.64,Pago factura INV-00016,INV-00016,CC-100 Operaciones,Bruno Garcia 02 00000067
1527,2026-03-14,1020,Bancos,0.00,91548.36,Pago factura INV-00229,INV-00229,CC-100 Operaciones,Bruno Garcia 02 00000067
1528,2026-02-11,5000,Gastos operativos,20947.00,0.00,Registro factura INV-00144,INV-00144,CC-100 Operaciones,Elena Mora 05 00000067
1529,2026-01-24,5000,Gastos operativos,28124.00,0.00,Registro factura INV-00301,INV-00301,CC-100 Operaciones,Ana Ruiz 07 00000067
1530,2026-01-18,5000,Gastos operativos,44172.00,0.00,Registro factura INV-00151,INV-00151,CC-100 Operaciones,Carla Soto 09 00000067
1531,2026-06-24,5000,Gastos operativos,93211.00,0.00,Registro factura INV-00170,INV-00170,CC-100 Operaciones,Diego Luna 04 00000067
1532,2026-06-28,2100,Cuentas por pagar,105554.20,0.00,Pago factura INV-00275,INV-00275,CC-100 Operaciones,Bruno Garcia 02 00000067
1533,2026-06-03,2100,Cuentas por pagar,0.00,100069.72,Registro factura INV-00273,INV-00273,CC-100 Operaciones,Carla Soto 09 00000067
1534,2026-05-19,2100,Cuentas por pagar,0.00,55400.44,Registro factura INV-00374,INV-00374,CC-100 Operaciones,Bruno Garcia 02 00000067
1535,2026-04-12,5000,Gastos operativos,92996.00,0.00,Registro factura INV-00180,INV-00180,CC-100 Operaciones,Carla Soto 03 00000067
1536,2026-02-09,1180,IVA acreditable,9270.08,0.00,Registro factura INV-00375,INV-00375,CC-100 Operaciones,Carla Soto 03 00000067
1537,2026-03-27,1180,IVA acreditable,14956.16,0.00,Registro factura INV-00360,INV-00360,CC-100 Operaciones,Ana Ruiz 07 00000067
1538,2026-01-09,5000,Gastos operativos,65527.00,0.00,Registro factura INV-00035,INV-00035,CC-100 Operaciones,Diego Luna 10 00000067
1539,2026-03-06,2100,Cuentas por pagar,142184.68,0.00,Pago factura INV-00122,INV-00122,CC-100 Operaciones,Bruno Garcia 02 00000067
1540,2026-06-12,5000,Gastos operativos,32710.00,0.00,Registro factura INV-00164,INV-00164,CC-100 Operaciones,Diego Luna 04 00000067
1541,2026-05-02,5000,Gastos operativos,63838.00,0.00,Registro factura INV-00237,INV-00237,CC-100 Operaciones,Carla Soto 03 00000067
1542,2026-04-26,1180,IVA acreditable,13189.92,0.00,Registro factura INV-00134,INV-00134,CC-100 Operaciones,Carla Soto 03 00000067
1543,2026-05-08,1020,Bancos,0.00,34202.60,Pago factura INV-00276,INV-00276,CC-100 Operaciones,Bruno Garcia 02 00000067
1544,2026-05-12,1020,Bancos,0.00,29997.60,Pago factura INV-00085,INV-00085,CC-100 Operaciones,Bruno Garcia 02 00000067
1545,2026-05-31,2100,Cuentas por pagar,57704.20,0.00,Pago factura INV-00205,INV-00205,CC-100 Operaciones,Bruno Garcia 02 00000067
1546,2026-04-19,1180,IVA acreditable,5061.28,0.00,Registro factura INV-00311,INV-00311,CC-100 Operaciones,Bruno Garcia 08 00000067
1547,2026-02-07,1020,Bancos,0.00,19469.44,Pago factura INV-00344,INV-00344,CC-100 Operaciones,Bruno Garcia 02 00000067
1548,2026-01-20,1020,Bancos,0.00,105925.40,Pago factura INV-00282,INV-00282,CC-100 Operaciones,Bruno Garcia 02 00000067
1549,2026-02-21,2100,Cuentas por pagar,54492.16,0.00,Pago factura INV-00093,INV-00093,CC-100 Operaciones,Bruno Garcia 02 00000067
1550,2026-01-31,2100,Cuentas por pagar,0.00,77062.28,Registro factura INV-00207,INV-00207,CC-100 Operaciones,Bruno Garcia 02 00000067
1551,2026-04-07,5000,Gastos operativos,48441.00,0.00,Registro factura INV-00222,INV-00222,CC-100 Operaciones,Bruno Garcia 08 00000067
1552,2026-01-30,4000,Ingresos por servicios,0.00,38000.00,Registro venta INV-00112,INV-00112,CC-100 Operaciones,Bruno Garcia 02 00000067
1553,2026-06-07,2100,Cuentas por pagar,0.00,30903.56,Registro factura INV-00096,INV-00096,CC-100 Operaciones,Carla Soto 03 00000067
1554,2026-04-08,5000,Gastos operativos,42500.00,0.00,Registro factura INV-00023,INV-00023,CC-100 Operaciones,Bruno Garcia 08 00000067
1555,2026-06-06,5000,Gastos operativos,16358.00,0.00,Registro factura INV-00254,INV-00254,CC-100 Operaciones,Bruno Garcia 08 00000067
1556,2026-03-16,1180,IVA acreditable,12149.60,0.00,Registro factura INV-00091,INV-00091,CC-100 Operaciones,Fabian Rios 06 00000067
1557,2026-05-04,1180,IVA acreditable,6867.68,0.00,Registro factura INV-00097,INV-00097,CC-100 Operaciones,Carla Soto 03 00000067
1558,2026-01-12,2100,Cuentas por pagar,14233.20,0.00,Pago factura INV-00138,INV-00138,CC-100 Operaciones,Bruno Garcia 02 00000067
1559,2026-02-03,1020,Bancos,0.00,32623.84,Pago factura INV-00301,INV-00301,CC-100 Operaciones,Bruno Garcia 02 00000067
1560,2026-06-04,1020,Bancos,0.00,37139.72,Pago factura INV-00108,INV-00108,CC-100 Operaciones,Bruno Garcia 02 00000067
1561,2026-06-10,5000,Gastos operativos,83681.00,0.00,Registro factura INV-00243,INV-00243,CC-100 Operaciones,Diego Luna 04 00000067
1562,2026-04-26,2100,Cuentas por pagar,61596.00,0.00,Pago factura INV-00110,INV-00110,CC-100 Operaciones,Bruno Garcia 02 00000067
1563,2026-04-06,1180,IVA acreditable,6800.00,0.00,Registro factura INV-00021,INV-00021,CC-100 Operaciones,Bruno Garcia 08 00000067
1564,2026-03-21,1020,Bancos,0.00,57230.92,Pago factura INV-00334,INV-00334,CC-100 Operaciones,Bruno Garcia 02 00000067
1565,2026-04-05,5000,Gastos operativos,53746.00,0.00,Registro factura INV-00294,INV-00294,CC-100 Operaciones,Bruno Garcia 08 00000067
1566,2026-06-19,1020,Bancos,0.00,17875.60,Pago factura INV-00370,INV-00370,CC-100 Operaciones,Bruno Garcia 02 00000067
1567,2026-06-30,2100,Cuentas por pagar,79573.68,0.00,Pago factura INV-00310,INV-00310,CC-100 Operaciones,Bruno Garcia 02 00000067
1568,2026-02-17,1180,IVA acreditable,12829.92,0.00,Registro factura INV-00203,INV-00203,CC-100 Operaciones,Elena Mora 05 00000067
1569,2026-05-15,1180,IVA acreditable,2081.44,0.00,Registro factura INV-00197,INV-00197,CC-100 Operaciones,Diego Luna 04 00000067
1570,2026-02-04,2100,Cuentas por pagar,79892.68,0.00,Pago factura INV-00210,INV-00210,CC-100 Operaciones,Bruno Garcia 02 00000067
1571,2026-01-23,1020,Bancos,0.00,41460.72,Pago factura INV-00192,INV-00192,CC-100 Operaciones,Bruno Garcia 02 00000067
1572,2026-03-28,1020,Bancos,0.00,58169.36,Pago factura INV-00317,INV-00317,CC-100 Operaciones,Bruno Garcia 02 00000067
1573,2026-03-08,2100,Cuentas por pagar,69286.80,0.00,Pago factura INV-00247,INV-00247,CC-100 Operaciones,Bruno Garcia 02 00000067
1574,2026-02-08,2100,Cuentas por pagar,0.00,73040.56,Registro factura INV-00064,INV-00064,CC-100 Operaciones,Diego Luna 04 00000067
1575,2026-06-26,5000,Gastos operativos,86633.00,0.00,Registro factura INV-00044,INV-00044,CC-100 Operaciones,Fabian Rios 06 00000067
1576,2026-04-05,2100,Cuentas por pagar,0.00,90150.56,Registro factura INV-00124,INV-00124,CC-100 Operaciones,Fabian Rios 06 00000067
1577,2026-06-11,2100,Cuentas por pagar,0.00,98124.40,Registro factura INV-00127,INV-00127,CC-100 Operaciones,Carla Soto 09 00000067
1578,2026-06-18,1180,IVA acreditable,14559.20,0.00,Registro factura INV-00275,INV-00275,CC-100 Operaciones,Fabian Rios 06 00000067
1579,2026-03-13,2100,Cuentas por pagar,0.00,66135.08,Registro factura INV-00018,INV-00018,CC-100 Operaciones,Carla Soto 09 00000067
1580,2026-03-22,2100,Cuentas por pagar,0.00,36947.16,Registro factura INV-00118,INV-00118,CC-100 Operaciones,Fabian Rios 06 00000067
1581,2026-01-27,2100,Cuentas por pagar,0.00,50047.04,Registro factura INV-00337,INV-00337,CC-100 Operaciones,Bruno Garcia 08 00000067
1582,2026-02-02,2100,Cuentas por pagar,28371.28,0.00,Pago factura INV-00253,INV-00253,CC-100 Operaciones,Bruno Garcia 02 00000067
1583,2026-01-23,1180,IVA acreditable,3913.28,0.00,Registro factura INV-00253,INV-00253,CC-100 Operaciones,Diego Luna 04 00000067
1584,2026-03-06,2100,Cuentas por pagar,0.00,80709.32,Registro factura INV-00272,INV-00272,CC-100 Operaciones,Bruno Garcia 02 00000067
1585,2026-05-05,2100,Cuentas por pagar,0.00,90364.00,Registro factura INV-00149,INV-00149,CC-100 Operaciones,Diego Luna 10 00000067
1586,2026-03-19,1020,Bancos,0.00,47127.32,Pago factura INV-00279,INV-00279,CC-100 Operaciones,Bruno Garcia 02 00000067
1587,2026-03-06,1020,Bancos,0.00,69714.84,Pago factura INV-00030,INV-00030,CC-100 Operaciones,Bruno Garcia 02 00000067
1588,2026-06-27,5000,Gastos operativos,54747.00,0.00,Registro factura INV-00246,INV-00246,CC-100 Operaciones,Carla Soto 03 00000067
1589,2026-05-29,1020,Bancos,0.00,19551.80,Pago factura INV-00204,INV-00204,CC-100 Operaciones,Bruno Garcia 02 00000067
1590,2026-04-10,5000,Gastos operativos,71146.00,0.00,Registro factura INV-00119,INV-00119,CC-100 Operaciones,Carla Soto 09 00000067
1591,2026-03-08,2100,Cuentas por pagar,0.00,47326.84,Registro factura INV-00015,INV-00015,CC-100 Operaciones,Bruno Garcia 08 00000067
1592,2026-06-21,1180,IVA acreditable,3480.16,0.00,Registro factura INV-00216,INV-00216,CC-100 Operaciones,Carla Soto 03 00000067
1593,2026-01-22,2100,Cuentas por pagar,15003.44,0.00,Pago factura INV-00291,INV-00291,CC-100 Operaciones,Bruno Garcia 02 00000067
1594,2026-01-16,5000,Gastos operativos,92845.00,0.00,Registro factura INV-00087,INV-00087,CC-100 Operaciones,Ana Ruiz 07 00000067
1595,2026-03-31,5000,Gastos operativos,28561.00,0.00,Registro factura INV-00063,INV-00063,CC-100 Operaciones,Elena Mora 05 00000067
1596,2026-06-25,2100,Cuentas por pagar,78370.76,0.00,Pago factura INV-00070,INV-00070,CC-100 Operaciones,Bruno Garcia 02 00000067
1597,2026-03-28,2100,Cuentas por pagar,0.00,74133.28,Registro factura INV-00062,INV-00062,CC-100 Operaciones,Diego Luna 04 00000067
1598,2026-02-24,5000,Gastos operativos,30242.00,0.00,Registro factura INV-00039,INV-00039,CC-100 Operaciones,Bruno Garcia 08 00000067
1599,2026-03-19,1180,IVA acreditable,14632.16,0.00,Registro factura INV-00036,INV-00036,CC-100 Operaciones,Ana Ruiz 07 00000067
1600,2026-02-07,1180,IVA acreditable,10380.00,0.00,Registro factura INV-00179,INV-00179,CC-100 Operaciones,Ana Ruiz 01 00000067
1601,2026-03-28,5000,Gastos operativos,63908.00,0.00,Registro factura INV-00062,INV-00062,CC-100 Operaciones,Diego Luna 04 00000067
1602,2026-02-19,5000,Gastos operativos,32566.00,0.00,Registro factura INV-00133,INV-00133,CC-100 Operaciones,Ana Ruiz 07 00000067
1603,2026-05-24,2100,Cuentas por pagar,0.00,19936.92,Registro factura INV-00201,INV-00201,CC-100 Operaciones,Elena Mora 05 00000067
1604,2026-06-05,5000,Gastos operativos,60614.00,0.00,Registro factura INV-00046,INV-00046,CC-100 Operaciones,Carla Soto 09 00000067
1605,2026-05-25,2100,Cuentas por pagar,0.00,37139.72,Registro factura INV-00108,INV-00108,CC-100 Operaciones,Bruno Garcia 08 00000067
1606,2026-04-03,2100,Cuentas por pagar,0.00,69600.00,Registro factura INV-00143,INV-00143,CC-100 Operaciones,Ana Ruiz 07 00000067
1607,2026-04-12,1020,Bancos,0.00,82000.40,Pago factura INV-00114,INV-00114,CC-100 Operaciones,Bruno Garcia 02 00000067
1608,2026-05-11,1180,IVA acreditable,9130.72,0.00,Registro factura INV-00072,INV-00072,CC-100 Operaciones,Diego Luna 10 00000067
1609,2026-01-28,5000,Gastos operativos,16784.00,0.00,Registro factura INV-00344,INV-00344,CC-100 Operaciones,Elena Mora 05 00000067
1610,2026-03-05,1020,Bancos,0.00,66930.84,Pago factura INV-00281,INV-00281,CC-100 Operaciones,Bruno Garcia 02 00000067
1611,2026-02-16,2100,Cuentas por pagar,60175.00,0.00,Pago factura INV-00349,INV-00349,CC-100 Operaciones,Bruno Garcia 02 00000067
1612,2026-04-03,1180,IVA acreditable,1956.00,0.00,Registro factura INV-00357,INV-00357,CC-100 Operaciones,Diego Luna 04 00000067
1613,2026-04-08,2100,Cuentas por pagar,0.00,17670.28,Registro factura INV-00019,INV-00019,CC-100 Operaciones,Elena Mora 05 00000067
1614,2026-01-27,1020,Bancos,0.00,108353.28,Pago factura INV-00048,INV-00048,CC-100 Operaciones,Bruno Garcia 02 00000067
1615,2026-06-01,2100,Cuentas por pagar,0.00,19238.60,Registro factura INV-00339,INV-00339,CC-100 Operaciones,Carla Soto 03 00000067
1616,2026-02-03,2100,Cuentas por pagar,32623.84,0.00,Pago factura INV-00301,INV-00301,CC-100 Operaciones,Bruno Garcia 02 00000067
1617,2026-05-28,2100,Cuentas por pagar,0.00,66890.24,Registro factura INV-00125,INV-00125,CC-100 Operaciones,Carla Soto 09 00000067
1618,2026-04-19,1020,Bancos,0.00,19012.40,Pago factura INV-00086,INV-00086,CC-100 Operaciones,Bruno Garcia 02 00000067
1619,2026-05-23,5000,Gastos operativos,90649.00,0.00,Registro factura INV-00284,INV-00284,CC-100 Operaciones,Fabian Rios 06 00000067
1620,2026-05-21,1020,Bancos,0.00,89741.08,Pago factura INV-00209,INV-00209,CC-100 Operaciones,Bruno Garcia 02 00000067
1621,2026-02-17,2100,Cuentas por pagar,0.00,93016.92,Registro factura INV-00203,INV-00203,CC-100 Operaciones,Elena Mora 05 00000067
1622,2026-04-14,1180,IVA acreditable,3654.72,0.00,Registro factura INV-00335,INV-00335,CC-100 Operaciones,Ana Ruiz 07 00000067
1623,2026-03-01,2100,Cuentas por pagar,37776.56,0.00,Pago factura INV-00133,INV-00133,CC-100 Operaciones,Bruno Garcia 02 00000067
1624,2026-03-03,2100,Cuentas por pagar,48249.04,0.00,Pago factura INV-00286,INV-00286,CC-100 Operaciones,Bruno Garcia 02 00000067
1625,2026-06-29,1180,IVA acreditable,11420.64,0.00,Registro factura INV-00082,INV-00082,CC-100 Operaciones,Ana Ruiz 07 00000067
1626,2026-03-22,1050,Cuentas por cobrar,0.00,63800.00,Reversion de venta cancelada INV-00037,INV-00037,CC-100 Operaciones,Bruno Garcia 02 00000067
1627,2026-01-20,2100,Cuentas por pagar,105925.40,0.00,Pago factura INV-00282,INV-00282,CC-100 Operaciones,Bruno Garcia 02 00000067
1628,2026-03-05,2100,Cuentas por pagar,50379.96,0.00,Pago factura INV-00324,INV-00324,CC-100 Operaciones,Bruno Garcia 02 00000067
1629,2026-04-22,1180,IVA acreditable,10258.56,0.00,Registro factura INV-00078,INV-00078,CC-100 Operaciones,Elena Mora 05 00000067
1630,2026-06-28,1020,Bancos,0.00,105554.20,Pago factura INV-00275,INV-00275,CC-100 Operaciones,Bruno Garcia 02 00000067
1631,2026-06-29,2100,Cuentas por pagar,94232.60,0.00,Pago factura INV-00202,INV-00202,CC-100 Operaciones,Bruno Garcia 02 00000067
1632,2026-06-10,2100,Cuentas por pagar,28357.36,0.00,Pago factura INV-00165,INV-00165,CC-100 Operaciones,Bruno Garcia 02 00000067
1633,2026-05-08,2100,Cuentas por pagar,0.00,97675.48,Registro factura INV-00159,INV-00159,CC-100 Operaciones,Ana Ruiz 01 00000067
1634,2026-06-30,2100,Cuentas por pagar,55003.72,0.00,Pago factura INV-00250,INV-00250,CC-100 Operaciones,Bruno Garcia 02 00000067
1635,2026-06-13,2100,Cuentas por pagar,0.00,87031.32,Registro factura INV-00285,INV-00285,CC-100 Operaciones,Carla Soto 03 00000067
1636,2026-06-19,1020,Bancos,0.00,79776.68,Pago factura INV-00278,INV-00278,CC-100 Operaciones,Bruno Garcia 02 00000067
1637,2026-04-14,1020,Bancos,0.00,39015.44,Pago factura INV-00231,INV-00231,CC-100 Operaciones,Bruno Garcia 02 00000067
1638,2026-06-14,1180,IVA acreditable,2274.72,0.00,Registro factura INV-00094,INV-00094,CC-100 Operaciones,Bruno Garcia 08 00000067
1639,2026-05-14,1020,Bancos,0.00,49790.68,Pago factura INV-00097,INV-00097,CC-100 Operaciones,Bruno Garcia 02 00000067
1640,2026-04-05,1020,Bancos,0.00,107088.88,Pago factura INV-00264,INV-00264,CC-100 Operaciones,Bruno Garcia 02 00000067
1641,2026-02-08,1020,Bancos,44080.00,0.00,Cobro factura INV-00112,INV-00112,CC-100 Operaciones,Bruno Garcia 02 00000067
1642,2026-04-21,2100,Cuentas por pagar,15852.56,0.00,Pago factura INV-00193,INV-00193,CC-100 Operaciones,Bruno Garcia 02 00000067
1643,2026-04-27,1180,IVA acreditable,13124.96,0.00,Registro factura INV-00185,INV-00185,CC-100 Operaciones,Diego Luna 10 00000067
1644,2026-05-14,2100,Cuentas por pagar,49790.68,0.00,Pago factura INV-00097,INV-00097,CC-100 Operaciones,Bruno Garcia 02 00000067
1645,2026-06-23,2100,Cuentas por pagar,0.00,80737.16,Registro factura INV-00230,INV-00230,CC-100 Operaciones,Elena Mora 05 00000067
1646,2026-01-23,2100,Cuentas por pagar,0.00,28371.28,Registro factura INV-00253,INV-00253,CC-100 Operaciones,Diego Luna 04 00000067
1647,2026-01-22,2100,Cuentas por pagar,87414.12,0.00,Pago factura INV-00336,INV-00336,CC-100 Operaciones,Bruno Garcia 02 00000067
1648,2026-03-03,5000,Gastos operativos,89169.00,0.00,Registro factura INV-00265,INV-00265,CC-100 Operaciones,Elena Mora 05 00000067
1649,2026-06-03,1180,IVA acreditable,13334.56,0.00,Registro factura INV-00132,INV-00132,CC-100 Operaciones,Ana Ruiz 07 00000067
1650,2026-06-08,1020,Bancos,0.00,49774.44,Pago factura INV-00305,INV-00305,CC-100 Operaciones,Bruno Garcia 02 00000067
1651,2026-02-06,2100,Cuentas por pagar,50047.04,0.00,Pago factura INV-00337,INV-00337,CC-100 Operaciones,Bruno Garcia 02 00000067
1652,2026-02-01,2100,Cuentas por pagar,0.00,38865.80,Registro factura INV-00288,INV-00288,CC-100 Operaciones,Carla Soto 09 00000067
1653,2026-02-24,2100,Cuentas por pagar,83652.24,0.00,Pago factura INV-00025,INV-00025,CC-100 Operaciones,Bruno Garcia 02 00000067
1654,2026-03-13,1020,Bancos,0.00,60127.44,Pago factura INV-00211,INV-00211,CC-100 Operaciones,Bruno Garcia 02 00000067
1655,2026-02-23,2100,Cuentas por pagar,32628.48,0.00,Pago factura INV-00290,INV-00290,CC-100 Operaciones,Bruno Garcia 02 00000067
1656,2026-01-21,1180,IVA acreditable,6760.80,0.00,Registro factura INV-00227,INV-00227,CC-100 Operaciones,Diego Luna 10 00000067
1657,2026-03-06,1020,Bancos,0.00,35080.72,Pago factura INV-00039,INV-00039,CC-100 Operaciones,Bruno Garcia 02 00000067
1658,2026-05-31,2100,Cuentas por pagar,0.00,28357.36,Registro factura INV-00165,INV-00165,CC-100 Operaciones,Bruno Garcia 08 00000067
1659,2026-03-16,5000,Gastos operativos,20069.00,0.00,Registro factura INV-00068,INV-00068,CC-100 Operaciones,Bruno Garcia 08 00000067
1660,2026-05-05,2100,Cuentas por pagar,44782.96,0.00,Pago factura INV-00362,INV-00362,CC-100 Operaciones,Bruno Garcia 02 00000067
1661,2026-04-28,2100,Cuentas por pagar,44898.96,0.00,Pago factura INV-00186,INV-00186,CC-100 Operaciones,Bruno Garcia 02 00000067
1662,2026-04-18,1020,Bancos,0.00,53607.08,Pago factura INV-00260,INV-00260,CC-100 Operaciones,Bruno Garcia 02 00000067
1663,2026-01-05,2100,Cuentas por pagar,0.00,49996.00,Registro factura INV-00330,INV-00330,CC-100 Operaciones,Diego Luna 04 00000067
1664,2026-06-25,2100,Cuentas por pagar,0.00,107463.56,Registro factura INV-00274,INV-00274,CC-100 Operaciones,Ana Ruiz 01 00000067
1665,2026-06-09,1020,Bancos,0.00,77461.32,Pago factura INV-00352,INV-00352,CC-100 Operaciones,Bruno Garcia 02 00000067
1666,2026-03-02,5000,Gastos operativos,58926.00,0.00,Registro factura INV-00345,INV-00345,CC-100 Operaciones,Fabian Rios 06 00000067
1667,2026-05-28,2100,Cuentas por pagar,67071.20,0.00,Pago factura INV-00066,INV-00066,CC-100 Operaciones,Bruno Garcia 02 00000067
1668,2026-04-01,5000,Gastos operativos,50262.00,0.00,Registro factura INV-00139,INV-00139,CC-100 Operaciones,Diego Luna 10 00000067
1669,2026-03-08,2100,Cuentas por pagar,60781.68,0.00,Pago factura INV-00049,INV-00049,CC-100 Operaciones,Bruno Garcia 02 00000067
1670,2026-02-14,2100,Cuentas por pagar,64397.40,0.00,Pago factura INV-00095,INV-00095,CC-100 Operaciones,Bruno Garcia 02 00000067
1671,2026-03-09,2100,Cuentas por pagar,81280.04,0.00,Pago factura INV-00369,INV-00369,CC-100 Operaciones,Bruno Garcia 02 00000067
1672,2026-02-11,1180,IVA acreditable,3351.52,0.00,Registro factura INV-00144,INV-00144,CC-100 Operaciones,Elena Mora 05 00000067
1673,2026-01-31,1180,IVA acreditable,12330.24,0.00,Registro factura INV-00316,INV-00316,CC-100 Operaciones,Diego Luna 04 00000067
1674,2026-05-01,1180,IVA acreditable,3010.88,0.00,Registro factura INV-00071,INV-00071,CC-100 Operaciones,Fabian Rios 06 00000067
1675,2026-04-15,5000,Gastos operativos,82594.00,0.00,Registro factura INV-00200,INV-00200,CC-100 Operaciones,Bruno Garcia 02 00000067
1676,2026-03-24,2100,Cuentas por pagar,60599.56,0.00,Pago factura INV-00090,INV-00090,CC-100 Operaciones,Bruno Garcia 02 00000067
1677,2026-03-23,2100,Cuentas por pagar,0.00,15939.56,Registro factura INV-00354,INV-00354,CC-100 Operaciones,Carla Soto 03 00000067
1678,2026-06-03,2100,Cuentas por pagar,86183.36,0.00,Pago factura INV-00270,INV-00270,CC-100 Operaciones,Bruno Garcia 02 00000067
1679,2026-05-05,2100,Cuentas por pagar,0.00,49996.00,Registro factura INV-00085,INV-00085,CC-100 Operaciones,Bruno Garcia 08 00000067
1680,2026-03-28,1180,IVA acreditable,13182.56,0.00,Registro factura INV-00206,INV-00206,CC-100 Operaciones,Fabian Rios 06 00000067
1681,2026-06-12,1180,IVA acreditable,5233.60,0.00,Registro factura INV-00164,INV-00164,CC-100 Operaciones,Diego Luna 04 00000067
1682,2026-05-25,2100,Cuentas por pagar,58360.76,0.00,Pago factura INV-00183,INV-00183,CC-100 Operaciones,Bruno Garcia 02 00000067
1683,2026-02-01,5000,Gastos operativos,33505.00,0.00,Registro factura INV-00288,INV-00288,CC-100 Operaciones,Carla Soto 09 00000067
1684,2026-06-18,2100,Cuentas por pagar,0.00,66283.56,Registro factura INV-00299,INV-00299,CC-100 Operaciones,Diego Luna 04 00000067
1685,2026-02-13,2080,IVA trasladado,0.00,8735.36,Registro venta INV-00327,INV-00327,CC-100 Operaciones,Bruno Garcia 02 00000067
1686,2026-05-31,2100,Cuentas por pagar,0.00,72321.36,Registro factura INV-00022,INV-00022,CC-100 Operaciones,Diego Luna 10 00000067
1687,2026-02-04,2100,Cuentas por pagar,0.00,28442.04,Registro factura INV-00115,INV-00115,CC-100 Operaciones,Bruno Garcia 08 00000067
1688,2026-04-16,1020,Bancos,0.00,44142.64,Pago factura INV-00191,INV-00191,CC-100 Operaciones,Bruno Garcia 02 00000067
1689,2026-05-29,5000,Gastos operativos,42909.00,0.00,Registro factura INV-00305,INV-00305,CC-100 Operaciones,Diego Luna 04 00000067
1690,2026-04-21,2100,Cuentas por pagar,0.00,43909.48,Registro factura INV-00303,INV-00303,CC-100 Operaciones,Bruno Garcia 02 00000067
1691,2026-02-24,2100,Cuentas por pagar,0.00,142184.68,Registro factura INV-00122,INV-00122,CC-100 Operaciones,Elena Mora 05 00000067
1692,2026-04-17,2100,Cuentas por pagar,0.00,30556.72,Registro factura INV-00376,INV-00376,CC-100 Operaciones,Diego Luna 04 00000067
1693,2026-06-30,2100,Cuentas por pagar,108124.76,0.00,Pago factura INV-00170,INV-00170,CC-100 Operaciones,Bruno Garcia 02 00000067
1694,2026-03-01,1180,IVA acreditable,1979.04,0.00,Registro factura INV-00189,INV-00189,CC-100 Operaciones,Carla Soto 03 00000067
1695,2026-03-23,1020,Bancos,0.00,38266.08,Pago factura INV-00002,INV-00002,CC-100 Operaciones,Bruno Garcia 02 00000067
1696,2026-04-05,2100,Cuentas por pagar,0.00,62345.36,Registro factura INV-00294,INV-00294,CC-100 Operaciones,Bruno Garcia 08 00000067
1697,2026-05-27,1180,IVA acreditable,2968.32,0.00,Registro factura INV-00309,INV-00309,CC-100 Operaciones,Diego Luna 04 00000067
1698,2026-01-29,1020,Bancos,0.00,32310.64,Pago factura INV-00176,INV-00176,CC-100 Operaciones,Bruno Garcia 02 00000067
1699,2026-02-17,5000,Gastos operativos,19621.00,0.00,Registro factura INV-00338,INV-00338,CC-100 Operaciones,Carla Soto 03 00000067
1700,2026-05-07,1020,Bancos,0.00,95155.96,Pago factura INV-00185,INV-00185,CC-100 Operaciones,Bruno Garcia 02 00000067
1701,2026-03-31,5000,Gastos operativos,89508.00,0.00,Registro factura INV-00089,INV-00089,CC-100 Operaciones,Carla Soto 03 00000067
1702,2026-05-12,1020,Bancos,0.00,15175.58,Pago factura INV-00242,INV-00242,CC-100 Operaciones,Bruno Garcia 02 00000067
1703,2026-05-04,2100,Cuentas por pagar,83899.32,0.00,Pago factura INV-00363,INV-00363,CC-100 Operaciones,Bruno Garcia 02 00000067
1704,2026-03-11,1020,Bancos,0.00,40917.84,Pago factura INV-00169,INV-00169,CC-100 Operaciones,Bruno Garcia 02 00000067
1705,2026-02-05,2100,Cuentas por pagar,108576.00,0.00,Pago factura INV-00033,INV-00033,CC-100 Operaciones,Bruno Garcia 02 00000067
1706,2026-04-08,1020,Bancos,0.00,98652.20,Pago factura INV-00289,INV-00289,CC-100 Operaciones,Bruno Garcia 02 00000067
1707,2026-02-22,2100,Cuentas por pagar,0.00,104591.40,Registro factura INV-00028,INV-00028,CC-100 Operaciones,Diego Luna 04 00000067
1708,2026-04-20,2100,Cuentas por pagar,82529.36,0.00,Pago factura INV-00119,INV-00119,CC-100 Operaciones,Bruno Garcia 02 00000067
1709,2026-04-30,1020,Bancos,0.00,95727.84,Pago factura INV-00032,INV-00032,CC-100 Operaciones,Bruno Garcia 02 00000067
1710,2026-03-19,5000,Gastos operativos,91451.00,0.00,Registro factura INV-00036,INV-00036,CC-100 Operaciones,Ana Ruiz 07 00000067
1711,2026-05-26,1180,IVA acreditable,2086.88,0.00,Registro factura INV-00011,INV-00011,CC-100 Operaciones,Ana Ruiz 07 00000067
1712,2026-05-11,2100,Cuentas por pagar,0.00,66197.72,Registro factura INV-00072,INV-00072,CC-100 Operaciones,Diego Luna 10 00000067
1713,2026-03-25,2100,Cuentas por pagar,0.00,103062.52,Registro factura INV-00255,INV-00255,CC-100 Operaciones,Elena Mora 05 00000067
1714,2026-04-15,1020,Bancos,5000.00,0.00,Reembolso proveedor INV-00143,INV-00143,CC-100 Operaciones,Bruno Garcia 02 00000067
1715,2026-04-07,5000,Gastos operativos,42500.00,0.00,Registro factura INV-00013,INV-00013,CC-100 Operaciones,Bruno Garcia 08 00000067
1716,2026-03-18,5000,Gastos operativos,50146.00,0.00,Registro factura INV-00317,INV-00317,CC-100 Operaciones,Diego Luna 10 00000067
1717,2026-04-29,2100,Cuentas por pagar,0.00,19961.28,Registro factura INV-00065,INV-00065,CC-100 Operaciones,Diego Luna 10 00000067
1718,2026-02-09,2100,Cuentas por pagar,0.00,28598.64,Registro factura INV-00081,INV-00081,CC-100 Operaciones,Ana Ruiz 01 00000067
1719,2026-01-25,5000,Gastos operativos,67973.00,0.00,Registro factura INV-00198,INV-00198,CC-100 Operaciones,Diego Luna 04 00000067
1720,2026-03-27,2100,Cuentas por pagar,25725.32,0.00,Pago factura INV-00348,INV-00348,CC-100 Operaciones,Bruno Garcia 02 00000067
1721,2026-03-10,1180,IVA acreditable,9957.28,0.00,Registro factura INV-00174,INV-00174,CC-100 Operaciones,Bruno Garcia 08 00000067
1722,2026-04-11,2100,Cuentas por pagar,0.00,93624.76,Registro factura INV-00234,INV-00234,CC-100 Operaciones,Fabian Rios 06 00000067
1723,2026-02-23,1180,IVA acreditable,9231.84,0.00,Registro factura INV-00281,INV-00281,CC-100 Operaciones,Carla Soto 03 00000067
1724,2026-04-02,2100,Cuentas por pagar,15939.56,0.00,Pago factura INV-00354,INV-00354,CC-100 Operaciones,Bruno Garcia 02 00000067
1725,2026-03-25,5000,Gastos operativos,57097.00,0.00,Registro factura INV-00060,INV-00060,CC-100 Operaciones,Ana Ruiz 07 00000067
1726,2026-06-11,5000,Gastos operativos,84590.00,0.00,Registro factura INV-00127,INV-00127,CC-100 Operaciones,Carla Soto 09 00000067
1727,2026-03-21,1180,IVA acreditable,3240.48,0.00,Registro factura INV-00262,INV-00262,CC-100 Operaciones,Carla Soto 09 00000067
1728,2026-01-27,5000,Gastos operativos,39566.00,0.00,Registro factura INV-00225,INV-00225,CC-100 Operaciones,Diego Luna 10 00000067
1729,2026-03-14,2100,Cuentas por pagar,23007.44,0.00,Pago factura INV-00107,INV-00107,CC-100 Operaciones,Bruno Garcia 02 00000067
1730,2026-06-27,5000,Gastos operativos,12860.00,0.00,Registro factura INV-00312,INV-00312,CC-100 Operaciones,Ana Ruiz 01 00000067
1731,2026-05-21,2100,Cuentas por pagar,0.00,83455.04,Registro factura INV-00126,INV-00126,CC-100 Operaciones,Diego Luna 04 00000067
1732,2026-05-24,5000,Gastos operativos,17187.00,0.00,Registro factura INV-00201,INV-00201,CC-100 Operaciones,Elena Mora 05 00000067
1733,2026-04-16,2100,Cuentas por pagar,105885.96,0.00,Pago factura INV-00302,INV-00302,CC-100 Operaciones,Bruno Garcia 02 00000067
1734,2026-01-31,1020,Bancos,0.00,14119.52,Pago factura INV-00042,INV-00042,CC-100 Operaciones,Bruno Garcia 02 00000067
1735,2026-03-07,5000,Gastos operativos,93265.00,0.00,Registro factura INV-00366,INV-00366,CC-100 Operaciones,Carla Soto 09 00000067
1736,2026-04-19,5000,Gastos operativos,45914.00,0.00,Registro factura INV-00008,INV-00008,CC-100 Operaciones,Fabian Rios 06 00000067
1737,2026-02-16,1050,Cuentas por cobrar,71340.00,0.00,Registro venta INV-00188,INV-00188,CC-100 Operaciones,Bruno Garcia 02 00000067
1738,2026-03-05,2100,Cuentas por pagar,0.00,79217.56,Registro factura INV-00103,INV-00103,CC-100 Operaciones,Elena Mora 05 00000067
1739,2026-02-14,1180,IVA acreditable,11538.24,0.00,Registro factura INV-00025,INV-00025,CC-100 Operaciones,Diego Luna 10 00000067
1740,2026-03-14,1020,Bancos,0.00,23007.44,Pago factura INV-00107,INV-00107,CC-100 Operaciones,Bruno Garcia 02 00000067
1741,2026-05-18,2100,Cuentas por pagar,0.00,67071.20,Registro factura INV-00066,INV-00066,CC-100 Operaciones,Carla Soto 03 00000067
1742,2026-03-13,1020,Bancos,0.00,103436.04,Pago factura INV-00265,INV-00265,CC-100 Operaciones,Bruno Garcia 02 00000067
1743,2026-02-10,5000,Gastos operativos,59039.00,0.00,Registro factura INV-00163,INV-00163,CC-100 Operaciones,Bruno Garcia 08 00000067
1744,2026-06-27,2100,Cuentas por pagar,0.00,63506.52,Registro factura INV-00246,INV-00246,CC-100 Operaciones,Carla Soto 03 00000067
1745,2026-01-24,1020,Bancos,0.00,21959.96,Pago factura INV-00145,INV-00145,CC-100 Operaciones,Bruno Garcia 02 00000067
1746,2026-06-15,2100,Cuentas por pagar,23722.00,0.00,Pago factura INV-00003,INV-00003,CC-100 Operaciones,Bruno Garcia 02 00000067
1747,2026-02-26,2100,Cuentas por pagar,0.00,60781.68,Registro factura INV-00049,INV-00049,CC-100 Operaciones,Diego Luna 10 00000067
1748,2026-04-21,5000,Gastos operativos,37853.00,0.00,Registro factura INV-00303,INV-00303,CC-100 Operaciones,Bruno Garcia 02 00000067
1749,2026-03-16,1180,IVA acreditable,3211.04,0.00,Registro factura INV-00068,INV-00068,CC-100 Operaciones,Bruno Garcia 08 00000067
1750,2026-05-13,1180,IVA acreditable,8377.92,0.00,Registro factura INV-00332,INV-00332,CC-100 Operaciones,Bruno Garcia 02 00000067
1751,2026-04-24,2100,Cuentas por pagar,0.00,53510.80,Registro factura INV-00161,INV-00161,CC-100 Operaciones,Ana Ruiz 01 00000067
1752,2026-06-23,2100,Cuentas por pagar,94621.20,0.00,Pago factura INV-00111,INV-00111,CC-100 Operaciones,Bruno Garcia 02 00000067
1753,2026-04-11,1020,Bancos,0.00,27597.56,Pago factura INV-00333,INV-00333,CC-100 Operaciones,Bruno Garcia 02 00000067
1754,2026-06-30,1020,Bancos,0.00,21586.44,Pago factura INV-00162,INV-00162,CC-100 Operaciones,Bruno Garcia 02 00000067
1755,2026-03-15,1020,Bancos,0.00,79217.56,Pago factura INV-00103,INV-00103,CC-100 Operaciones,Bruno Garcia 02 00000067
1756,2026-06-30,1020,Bancos,0.00,14917.60,Pago factura INV-00312,INV-00312,CC-100 Operaciones,Bruno Garcia 02 00000067
1757,2026-04-13,2100,Cuentas por pagar,69600.00,0.00,Pago factura INV-00143,INV-00143,CC-100 Operaciones,Bruno Garcia 02 00000067
1758,2026-05-19,2100,Cuentas por pagar,99214.80,0.00,Pago factura INV-00233,INV-00233,CC-100 Operaciones,Bruno Garcia 02 00000067
1759,2026-04-16,5000,Gastos operativos,53100.00,0.00,Registro factura INV-00110,INV-00110,CC-100 Operaciones,Carla Soto 09 00000067
1760,2026-05-10,5000,Gastos operativos,35169.00,0.00,Registro factura INV-00006,INV-00006,CC-100 Operaciones,Ana Ruiz 01 00000067
1761,2026-05-22,2100,Cuentas por pagar,0.00,34259.44,Registro factura INV-00181,INV-00181,CC-100 Operaciones,Carla Soto 09 00000067
1762,2026-05-20,5000,Gastos operativos,39045.00,0.00,Registro factura INV-00040,INV-00040,CC-100 Operaciones,Carla Soto 09 00000067
1763,2026-06-05,2100,Cuentas por pagar,15129.88,0.00,Pago factura INV-00011,INV-00011,CC-100 Operaciones,Bruno Garcia 02 00000067
1764,2026-02-06,5000,Gastos operativos,51875.00,0.00,Registro factura INV-00349,INV-00349,CC-100 Operaciones,Bruno Garcia 02 00000067
1765,2026-01-17,2100,Cuentas por pagar,0.00,108353.28,Registro factura INV-00048,INV-00048,CC-100 Operaciones,Diego Luna 04 00000067
1766,2026-06-20,2100,Cuentas por pagar,55061.72,0.00,Pago factura INV-00047,INV-00047,CC-100 Operaciones,Bruno Garcia 02 00000067
1767,2026-02-15,2100,Cuentas por pagar,45024.24,0.00,Pago factura INV-00267,INV-00267,CC-100 Operaciones,Bruno Garcia 02 00000067
1768,2026-06-28,1020,Bancos,0.00,66283.56,Pago factura INV-00299,INV-00299,CC-100 Operaciones,Bruno Garcia 02 00000067
1769,2026-04-26,1020,Bancos,0.00,61596.00,Pago factura INV-00110,INV-00110,CC-100 Operaciones,Bruno Garcia 02 00000067
1770,2026-05-03,1020,Bancos,0.00,71942.04,Pago factura INV-00171,INV-00171,CC-100 Operaciones,Bruno Garcia 02 00000067
1771,2026-01-25,2100,Cuentas por pagar,0.00,78848.68,Registro factura INV-00198,INV-00198,CC-100 Operaciones,Diego Luna 04 00000067
1772,2026-06-06,2100,Cuentas por pagar,0.00,90306.00,Registro factura INV-00213,INV-00213,CC-100 Operaciones,Fabian Rios 06 00000067
1773,2026-03-28,5000,Gastos operativos,40000.00,0.00,Registro factura INV-00173,INV-00173,CC-100 Operaciones,Elena Mora 05 00000067
1774,2026-02-24,1180,IVA acreditable,19611.68,0.00,Registro factura INV-00122,INV-00122,CC-100 Operaciones,Elena Mora 05 00000067
1775,2026-04-03,5000,Gastos operativos,12225.00,0.00,Registro factura INV-00357,INV-00357,CC-100 Operaciones,Diego Luna 04 00000067
1776,2026-06-07,2100,Cuentas por pagar,0.00,58887.40,Registro factura INV-00199,INV-00199,CC-100 Operaciones,Elena Mora 05 00000067
1777,2026-04-08,1180,IVA acreditable,2437.28,0.00,Registro factura INV-00019,INV-00019,CC-100 Operaciones,Elena Mora 05 00000067
1778,2026-03-05,5000,Gastos operativos,20450.00,0.00,Registro factura INV-00365,INV-00365,CC-100 Operaciones,Diego Luna 04 00000067
1779,2026-03-05,5000,Gastos operativos,68291.00,0.00,Registro factura INV-00103,INV-00103,CC-100 Operaciones,Elena Mora 05 00000067
1780,2026-03-29,5000,Gastos operativos,85045.00,0.00,Registro factura INV-00289,INV-00289,CC-100 Operaciones,Carla Soto 03 00000067
1781,2026-02-09,5000,Gastos operativos,57938.00,0.00,Registro factura INV-00375,INV-00375,CC-100 Operaciones,Carla Soto 03 00000067
1782,2026-01-15,2100,Cuentas por pagar,0.00,36147.92,Registro factura INV-00256,INV-00256,CC-100 Operaciones,Bruno Garcia 02 00000067
1783,2026-04-02,2100,Cuentas por pagar,0.00,82000.40,Registro factura INV-00114,INV-00114,CC-100 Operaciones,Ana Ruiz 07 00000067
1784,2026-04-27,1020,Bancos,0.00,30556.72,Pago factura INV-00376,INV-00376,CC-100 Operaciones,Bruno Garcia 02 00000067
1785,2026-01-29,2100,Cuentas por pagar,0.00,61670.24,Registro factura INV-00194,INV-00194,CC-100 Operaciones,Diego Luna 10 00000067
1786,2026-03-11,2100,Cuentas por pagar,40917.84,0.00,Pago factura INV-00169,INV-00169,CC-100 Operaciones,Bruno Garcia 02 00000067
1787,2026-02-26,1020,Bancos,0.00,97136.08,Pago factura INV-00123,INV-00123,CC-100 Operaciones,Bruno Garcia 02 00000067
1788,2026-02-05,2100,Cuentas por pagar,0.00,59438.40,Registro factura INV-00088,INV-00088,CC-100 Operaciones,Elena Mora 05 00000067
1789,2026-01-05,2100,Cuentas por pagar,0.00,25292.64,Registro factura INV-00034,INV-00034,CC-100 Operaciones,Bruno Garcia 08 00000067
1790,2026-02-03,5000,Gastos operativos,49463.00,0.00,Registro factura INV-00235,INV-00235,CC-100 Operaciones,Elena Mora 05 00000067
1791,2026-03-07,2100,Cuentas por pagar,19501.92,0.00,Pago factura INV-00315,INV-00315,CC-100 Operaciones,Bruno Garcia 02 00000067
1792,2026-01-17,2100,Cuentas por pagar,0.00,81477.24,Registro factura INV-00031,INV-00031,CC-100 Operaciones,Bruno Garcia 02 00000067
1793,2026-02-12,1180,IVA acreditable,14668.80,0.00,Registro factura INV-00137,INV-00137,CC-100 Operaciones,Diego Luna 10 00000067
1794,2026-04-15,1180,IVA acreditable,13215.04,0.00,Registro factura INV-00200,INV-00200,CC-100 Operaciones,Bruno Garcia 02 00000067
1795,2026-02-18,5000,Gastos operativos,15799.00,0.00,Registro factura INV-00154,INV-00154,CC-100 Operaciones,Diego Luna 10 00000067
1796,2026-03-05,2100,Cuentas por pagar,0.00,25292.64,Registro factura INV-00368,INV-00368,CC-100 Operaciones,Diego Luna 10 00000067
1797,2026-04-25,5000,Gastos operativos,38606.00,0.00,Registro factura INV-00362,INV-00362,CC-100 Operaciones,Bruno Garcia 08 00000067
1798,2026-03-19,5000,Gastos operativos,12006.00,0.00,Registro factura INV-00190,INV-00190,CC-100 Operaciones,Carla Soto 09 00000067
1799,2026-03-16,2100,Cuentas por pagar,0.00,88084.60,Registro factura INV-00091,INV-00091,CC-100 Operaciones,Fabian Rios 06 00000067
1800,2026-03-07,1020,Bancos,0.00,60802.56,Pago factura INV-00121,INV-00121,CC-100 Operaciones,Bruno Garcia 02 00000067
1801,2026-03-05,5000,Gastos operativos,43100.00,0.00,Registro factura INV-00166,INV-00166,CC-100 Operaciones,Fabian Rios 06 00000067
1802,2026-02-23,2100,Cuentas por pagar,42501.24,0.00,Pago factura INV-00319,INV-00319,CC-100 Operaciones,Bruno Garcia 02 00000067
1803,2026-06-24,1020,Bancos,0.00,69480.52,Pago factura INV-00059,INV-00059,CC-100 Operaciones,Bruno Garcia 02 00000067
1804,2026-03-05,1180,IVA acreditable,3272.00,0.00,Registro factura INV-00365,INV-00365,CC-100 Operaciones,Diego Luna 04 00000067
1805,2026-03-05,1180,IVA acreditable,6896.00,0.00,Registro factura INV-00166,INV-00166,CC-100 Operaciones,Fabian Rios 06 00000067
1806,2026-06-09,2100,Cuentas por pagar,77461.32,0.00,Pago factura INV-00352,INV-00352,CC-100 Operaciones,Bruno Garcia 02 00000067
1807,2026-04-21,1020,Bancos,0.00,15852.56,Pago factura INV-00193,INV-00193,CC-100 Operaciones,Bruno Garcia 02 00000067
1808,2026-04-12,1180,IVA acreditable,11114.88,0.00,Registro factura INV-00058,INV-00058,CC-100 Operaciones,Ana Ruiz 01 00000067
1809,2026-04-28,1180,IVA acreditable,4717.60,0.00,Registro factura INV-00276,INV-00276,CC-100 Operaciones,Ana Ruiz 07 00000067
1810,2026-05-26,1020,Bancos,0.00,66575.88,Pago factura INV-00136,INV-00136,CC-100 Operaciones,Bruno Garcia 02 00000067
1811,2026-04-05,1020,Bancos,0.00,90078.64,Pago factura INV-00020,INV-00020,CC-100 Operaciones,Bruno Garcia 02 00000067
1812,2026-02-16,1020,Bancos,0.00,60175.00,Pago factura INV-00349,INV-00349,CC-100 Operaciones,Bruno Garcia 02 00000067
1813,2026-03-06,2100,Cuentas por pagar,0.00,100427.00,Registro factura INV-00052,INV-00052,CC-100 Operaciones,Diego Luna 04 00000067
1814,2026-01-27,1020,Bancos,0.00,81477.24,Pago factura INV-00031,INV-00031,CC-100 Operaciones,Bruno Garcia 02 00000067
1815,2026-04-27,5000,Gastos operativos,82031.00,0.00,Registro factura INV-00185,INV-00185,CC-100 Operaciones,Diego Luna 10 00000067
1816,2026-01-09,5000,Gastos operativos,27105.00,0.00,Registro factura INV-00014,INV-00014,CC-100 Operaciones,Bruno Garcia 02 00000067
1817,2026-03-18,2100,Cuentas por pagar,0.00,58169.36,Registro factura INV-00317,INV-00317,CC-100 Operaciones,Diego Luna 10 00000067
1818,2026-05-06,1180,IVA acreditable,12900.96,0.00,Registro factura INV-00244,INV-00244,CC-100 Operaciones,Ana Ruiz 07 00000067
1819,2026-06-15,1020,Bancos,0.00,41212.48,Pago factura INV-00221,INV-00221,CC-100 Operaciones,Bruno Garcia 02 00000067
1820,2026-03-20,1020,Bancos,0.00,107022.76,Pago factura INV-00223,INV-00223,CC-100 Operaciones,Bruno Garcia 02 00000067
1821,2026-02-08,1180,IVA acreditable,10074.56,0.00,Registro factura INV-00064,INV-00064,CC-100 Operaciones,Diego Luna 04 00000067
1822,2026-05-21,2100,Cuentas por pagar,89741.08,0.00,Pago factura INV-00209,INV-00209,CC-100 Operaciones,Bruno Garcia 02 00000067
1823,2026-05-06,2100,Cuentas por pagar,95626.92,0.00,Pago factura INV-00134,INV-00134,CC-100 Operaciones,Bruno Garcia 02 00000067
1824,2026-06-30,1020,Bancos,0.00,86302.84,Pago factura INV-00283,INV-00283,CC-100 Operaciones,Bruno Garcia 02 00000067
1825,2026-02-25,5000,Gastos operativos,16812.00,0.00,Registro factura INV-00315,INV-00315,CC-100 Operaciones,Ana Ruiz 07 00000067
1826,2026-01-18,1180,IVA acreditable,7067.52,0.00,Registro factura INV-00151,INV-00151,CC-100 Operaciones,Carla Soto 09 00000067
1827,2026-03-09,5000,Gastos operativos,44018.00,0.00,Registro factura INV-00050,INV-00050,CC-100 Operaciones,Ana Ruiz 01 00000067
1828,2026-02-23,2100,Cuentas por pagar,0.00,66930.84,Registro factura INV-00281,INV-00281,CC-100 Operaciones,Carla Soto 03 00000067
1829,2026-02-27,2100,Cuentas por pagar,0.00,50767.40,Registro factura INV-00109,INV-00109,CC-100 Operaciones,Fabian Rios 06 00000067
1830,2026-06-11,2100,Cuentas por pagar,19238.60,0.00,Pago factura INV-00339,INV-00339,CC-100 Operaciones,Bruno Garcia 02 00000067
1831,2026-02-15,1020,Bancos,0.00,23722.00,Pago factura INV-00129,INV-00129,CC-100 Operaciones,Bruno Garcia 02 00000067
1832,2026-06-29,5000,Gastos operativos,71379.00,0.00,Registro factura INV-00082,INV-00082,CC-100 Operaciones,Ana Ruiz 07 00000067
1833,2026-03-01,1180,IVA acreditable,7069.44,0.00,Registro factura INV-00308,INV-00308,CC-100 Operaciones,Fabian Rios 06 00000067
1834,2026-02-15,2100,Cuentas por pagar,0.00,88603.12,Registro factura INV-00024,INV-00024,CC-100 Operaciones,Carla Soto 09 00000067
1835,2026-03-20,2100,Cuentas por pagar,0.00,74843.20,Registro factura INV-00054,INV-00054,CC-100 Operaciones,Bruno Garcia 02 00000067
1836,2026-06-02,2100,Cuentas por pagar,0.00,42860.84,Registro factura INV-00263,INV-00263,CC-100 Operaciones,Diego Luna 10 00000067
1837,2026-05-14,2100,Cuentas por pagar,71534.88,0.00,Pago factura INV-00341,INV-00341,CC-100 Operaciones,Bruno Garcia 02 00000067
1838,2026-05-09,5000,Gastos operativos,74894.00,0.00,Registro factura INV-00292,INV-00292,CC-100 Operaciones,Fabian Rios 06 00000067
1839,2026-02-19,2100,Cuentas por pagar,0.00,37776.56,Registro factura INV-00133,INV-00133,CC-100 Operaciones,Ana Ruiz 07 00000067
1840,2026-05-12,1180,IVA acreditable,11290.72,0.00,Registro factura INV-00101,INV-00101,CC-100 Operaciones,Elena Mora 05 00000067
1841,2026-03-22,1020,Bancos,0.00,62178.32,Pago factura INV-00219,INV-00219,CC-100 Operaciones,Bruno Garcia 02 00000067
1842,2026-05-28,5000,Gastos operativos,57664.00,0.00,Registro factura INV-00125,INV-00125,CC-100 Operaciones,Carla Soto 09 00000067
1843,2026-01-15,1180,IVA acreditable,4985.92,0.00,Registro factura INV-00256,INV-00256,CC-100 Operaciones,Bruno Garcia 02 00000067
1844,2026-05-27,1020,Bancos,0.00,24704.52,Pago factura INV-00268,INV-00268,CC-100 Operaciones,Bruno Garcia 02 00000067
1845,2026-02-12,2100,Cuentas por pagar,0.00,102555.60,Registro factura INV-00328,INV-00328,CC-100 Operaciones,Bruno Garcia 02 00000067
1846,2026-04-16,2100,Cuentas por pagar,0.00,72830.60,Registro factura INV-00010,INV-00010,CC-100 Operaciones,Ana Ruiz 07 00000067
1847,2026-02-06,1180,IVA acreditable,8300.00,0.00,Registro factura INV-00349,INV-00349,CC-100 Operaciones,Bruno Garcia 02 00000067
1848,2026-05-09,1180,IVA acreditable,11983.04,0.00,Registro factura INV-00292,INV-00292,CC-100 Operaciones,Fabian Rios 06 00000067
1849,2026-01-31,2100,Cuentas por pagar,49015.80,0.00,Pago factura INV-00227,INV-00227,CC-100 Operaciones,Bruno Garcia 02 00000067
1850,2026-06-13,1020,Bancos,0.00,100069.72,Pago factura INV-00273,INV-00273,CC-100 Operaciones,Bruno Garcia 02 00000067
1851,2026-02-08,1020,Bancos,0.00,102431.48,Pago factura INV-00372,INV-00372,CC-100 Operaciones,Bruno Garcia 02 00000067
1852,2026-02-11,1050,Cuentas por cobrar,62519.36,0.00,Registro venta INV-00313,INV-00313,CC-100 Operaciones,Bruno Garcia 02 00000067
1853,2026-05-05,5000,Gastos operativos,47676.00,0.00,Registro factura INV-00077,INV-00077,CC-100 Operaciones,Bruno Garcia 02 00000067
1854,2026-06-26,2100,Cuentas por pagar,29203.00,0.00,Pago factura INV-00146,INV-00146,CC-100 Operaciones,Bruno Garcia 02 00000067
1855,2026-01-09,2100,Cuentas por pagar,0.00,76011.32,Registro factura INV-00035,INV-00035,CC-100 Operaciones,Diego Luna 10 00000067
1856,2026-05-26,1020,Bancos,0.00,25509.56,Pago factura INV-00057,INV-00057,CC-100 Operaciones,Bruno Garcia 02 00000067
1857,2026-01-28,5000,Gastos operativos,42539.00,0.00,Registro factura INV-00241,INV-00241,CC-100 Operaciones,Carla Soto 03 00000067
1858,2026-03-23,1180,IVA acreditable,11506.72,0.00,Registro factura INV-00322,INV-00322,CC-100 Operaciones,Elena Mora 05 00000067
1859,2026-01-28,2100,Cuentas por pagar,0.00,19469.44,Registro factura INV-00344,INV-00344,CC-100 Operaciones,Elena Mora 05 00000067
1860,2026-04-02,1020,Bancos,0.00,83423.72,Pago factura INV-00322,INV-00322,CC-100 Operaciones,Bruno Garcia 02 00000067
1861,2026-02-20,5000,Gastos operativos,63369.00,0.00,Registro factura INV-00331,INV-00331,CC-100 Operaciones,Diego Luna 04 00000067
1862,2026-02-05,5000,Gastos operativos,51240.00,0.00,Registro factura INV-00088,INV-00088,CC-100 Operaciones,Elena Mora 05 00000067
1863,2026-04-10,1020,Bancos,0.00,103829.28,Pago factura INV-00089,INV-00089,CC-100 Operaciones,Bruno Garcia 02 00000067
1864,2026-03-26,2100,Cuentas por pagar,23280.04,0.00,Pago factura INV-00068,INV-00068,CC-100 Operaciones,Bruno Garcia 02 00000067
1865,2026-04-30,2100,Cuentas por pagar,0.00,101326.00,Registro factura INV-00248,INV-00248,CC-100 Operaciones,Ana Ruiz 07 00000067
1866,2026-04-01,1180,IVA acreditable,8041.92,0.00,Registro factura INV-00139,INV-00139,CC-100 Operaciones,Diego Luna 10 00000067
1867,2026-01-23,2100,Cuentas por pagar,41460.72,0.00,Pago factura INV-00192,INV-00192,CC-100 Operaciones,Bruno Garcia 02 00000067
1868,2026-02-06,2100,Cuentas por pagar,0.00,52728.96,Registro factura INV-00298,INV-00298,CC-100 Operaciones,Diego Luna 04 00000067
1869,2026-01-12,1180,IVA acreditable,2069.44,0.00,Registro factura INV-00291,INV-00291,CC-100 Operaciones,Carla Soto 03 00000067
1870,2026-06-04,1180,IVA acreditable,8415.36,0.00,Registro factura INV-00245,INV-00245,CC-100 Operaciones,Diego Luna 04 00000067
1871,2026-06-09,5000,Gastos operativos,68773.00,0.00,Registro factura INV-00278,INV-00278,CC-100 Operaciones,Ana Ruiz 07 00000067
1872,2026-05-29,1180,IVA acreditable,12973.60,0.00,Registro factura INV-00001,INV-00001,CC-100 Operaciones,Fabian Rios 06 00000067
1873,2026-05-26,1180,IVA acreditable,4891.84,0.00,Registro factura INV-00135,INV-00135,CC-100 Operaciones,Elena Mora 05 00000067
1874,2026-02-13,4000,Ingresos por servicios,0.00,54596.00,Registro venta INV-00327,INV-00327,CC-100 Operaciones,Bruno Garcia 02 00000067
1875,2026-03-23,1020,Bancos,0.00,66135.08,Pago factura INV-00018,INV-00018,CC-100 Operaciones,Bruno Garcia 02 00000067
1876,2026-05-22,2100,Cuentas por pagar,0.00,97964.32,Registro factura INV-00240,INV-00240,CC-100 Operaciones,Ana Ruiz 01 00000067
1877,2026-05-17,1020,Bancos,0.00,81146.64,Pago factura INV-00228,INV-00228,CC-100 Operaciones,Bruno Garcia 02 00000067
1878,2026-01-23,1020,Bancos,0.00,9488.80,Pago factura INV-00138,INV-00138,CC-100 Operaciones,Bruno Garcia 02 00000067
1879,2026-06-18,2100,Cuentas por pagar,0.00,105554.20,Registro factura INV-00275,INV-00275,CC-100 Operaciones,Fabian Rios 06 00000067
1880,2026-02-13,5000,Gastos operativos,36639.00,0.00,Registro factura INV-00319,INV-00319,CC-100 Operaciones,Carla Soto 09 00000067
1881,2026-04-03,2100,Cuentas por pagar,75937.08,0.00,Pago factura INV-00172,INV-00172,CC-100 Operaciones,Bruno Garcia 02 00000067
1882,2026-01-10,5000,Gastos operativos,82828.00,0.00,Registro factura INV-00099,INV-00099,CC-100 Operaciones,Carla Soto 09 00000067
1883,2026-05-13,5000,Gastos operativos,52362.00,0.00,Registro factura INV-00332,INV-00332,CC-100 Operaciones,Bruno Garcia 02 00000067
1884,2026-05-28,1020,Bancos,0.00,67071.20,Pago factura INV-00066,INV-00066,CC-100 Operaciones,Bruno Garcia 02 00000067
1885,2026-04-09,1180,IVA acreditable,6988.80,0.00,Registro factura INV-00074,INV-00074,CC-100 Operaciones,Bruno Garcia 02 00000067
1886,2026-04-15,1020,Bancos,0.00,25292.64,Pago factura INV-00296,INV-00296,CC-100 Operaciones,Bruno Garcia 02 00000067
1887,2026-03-29,1020,Bancos,0.00,106083.16,Pago factura INV-00036,INV-00036,CC-100 Operaciones,Bruno Garcia 02 00000067
1888,2026-03-22,1180,IVA acreditable,5096.16,0.00,Registro factura INV-00118,INV-00118,CC-100 Operaciones,Fabian Rios 06 00000067
1889,2026-04-05,1180,IVA acreditable,3488.64,0.00,Registro factura INV-00296,INV-00296,CC-100 Operaciones,Ana Ruiz 01 00000067
1890,2026-02-15,1180,IVA acreditable,12221.12,0.00,Registro factura INV-00024,INV-00024,CC-100 Operaciones,Carla Soto 09 00000067
1891,2026-04-15,1020,Bancos,0.00,90150.56,Pago factura INV-00124,INV-00124,CC-100 Operaciones,Bruno Garcia 02 00000067
1892,2026-05-08,2100,Cuentas por pagar,44257.48,0.00,Pago factura INV-00069,INV-00069,CC-100 Operaciones,Bruno Garcia 02 00000067
1893,2026-02-27,5000,Gastos operativos,43765.00,0.00,Registro factura INV-00109,INV-00109,CC-100 Operaciones,Fabian Rios 06 00000067
1894,2026-03-06,2100,Cuentas por pagar,35080.72,0.00,Pago factura INV-00039,INV-00039,CC-100 Operaciones,Bruno Garcia 02 00000067
1895,2026-03-20,2100,Cuentas por pagar,72190.28,0.00,Pago factura INV-00174,INV-00174,CC-100 Operaciones,Bruno Garcia 02 00000067
1896,2026-05-12,2100,Cuentas por pagar,0.00,81857.72,Registro factura INV-00101,INV-00101,CC-100 Operaciones,Elena Mora 05 00000067
1897,2026-06-16,1020,Bancos,0.00,90306.00,Pago factura INV-00213,INV-00213,CC-100 Operaciones,Bruno Garcia 02 00000067
1898,2026-01-20,1020,Bancos,0.00,96080.48,Pago factura INV-00099,INV-00099,CC-100 Operaciones,Bruno Garcia 02 00000067
1899,2026-05-11,5000,Gastos operativos,77363.00,0.00,Registro factura INV-00209,INV-00209,CC-100 Operaciones,Bruno Garcia 08 00000067
1900,2026-04-18,2100,Cuentas por pagar,17670.28,0.00,Pago factura INV-00019,INV-00019,CC-100 Operaciones,Bruno Garcia 02 00000067
